Date,Silver_Returns,Gold_Returns
2020-07-30,-0.03526593987446314,-0.009617805528979395
2020-07-29,0.04104956767400059,0.005033557046979942
2020-07-28,-0.0008634513383494191,-0.006475438862751037
2020-07-27,0.008271604938271393,-0.004328122613167729
2020-07-24,-0.0673850046936858,-0.029610309911015653
2020-07-23,0.006039387308534039,-0.0039525691699604515
2020-07-22,0.006786149295284538,-0.013174603174603172
2020-07-21,-0.06857068786726594,-0.011366682751595025
2020-07-20,-0.06332049914181004,-0.014371712131894365
2020-07-17,-0.02119651347068152,-0.004071750852866818
2020-07-16,-0.0096640356203197,-0.005359116022099486
2020-07-15,0.009605068206202327,0.007498750208298599
2020-07-14,-0.011689691817215686,-0.00022053148086886853
2020-07-13,0.013210445468510024,0.00038601522002856825
2020-07-10,-0.03714372346876893,-0.006725097844661132
2020-07-09,-0.004776150737416773,0.001054442532881783
2020-07-08,0.010494673557641443,0.00931367113870718
2020-07-07,-0.02411147643651146,-0.005877183346149506
2020-07-06,-0.006257019091930105,-0.009061274103541628
2020-07-02,-0.013992035302981431,-0.0019514914970727437
2020-07-01,-0.00567623621875335,-0.005642458100558634
2020-06-30,0.02299923152925687,0.011573683914826605
2020-06-29,-0.030745291624188487,-0.01071924465426266
2020-06-26,0.005757307351638596,-0.000505277341118382
2020-06-25,-0.006439894319683059,-0.005448519912374383
2020-06-24,-0.013295662290177757,0.002541511352084136
2020-06-23,0.024030093762281712,0.003887104951833642
2020-06-22,-0.009046548604638383,-0.008754208754208737
2020-06-19,-0.0028770609715613737,-0.007586050724637694
2020-06-18,-0.019531683497946983,-0.01249286936679983
2020-06-17,0.005942275042444711,0.0025995032060539547
2020-06-16,-0.006919831223628603,0.000518552661903815
2020-06-15,-0.014332653523680072,-0.005355600345522626
2020-06-12,0.004770389102821904,0.005847614636405707
2020-06-11,0.023281089120237963,0.0014390145628273565
2020-06-10,-0.005198725473754773,-0.010978273364754543
2020-06-09,-0.00011238480557418384,0.0006973905968501448
2020-06-08,0.005563673148252235,-0.00975666415006693
2020-06-05,-0.02313753982004141,-0.012961116650049842
2020-06-04,0.03329709937639458,0.02638146167557931
2020-06-03,-0.005702895742207059,-0.0130832464976266
2020-06-02,0.016817017485243557,0.017128108869075565
2020-06-01,0.031051478641840102,0.009400230680507438
2020-05-29,-0.0205555850640039,-0.007655830429069255
2020-05-28,-0.025650759219089103,-0.004951350106511709
2020-05-27,-0.011688094840540897,-0.0008679048776254472
2020-05-26,-0.009123162696401566,0.0008107482047718939
2020-05-22,0.0039215686274511885,0.0037032750839023354
2020-05-21,-0.016983695652173947,-0.007321572696875278
2020-05-20,0.036742686017046555,0.016667634589697222
2020-05-19,-0.005610487723586188,-0.0028561636010511204
2020-05-18,-0.024188592816043797,-0.006416131989000817
2020-05-15,-0.024158461186169045,0.010954797047970422
2020-05-14,-0.05221166256013143,-0.007129006501653934
2020-05-13,-0.030019806882891742,-0.0140731805388018
2020-05-12,0.0024248612086019694,-0.005593101841062764
2020-05-11,-0.0018460754981222127,-0.005155847199437513
2020-05-08,0.003826530612244916,0.0070082449941106795
2020-05-07,-0.009529860228716713,0.009298789402889085
2020-05-06,-0.03688261706221929,-0.02161316490902765
2020-05-05,0.006327006327006224,0.013088540124370773
2020-05-04,-0.02078093977498341,0.0015783935461242127
2020-05-01,0.004528250878615747,-0.010972976127940237
2020-04-30,0.007400928480118418,-0.00017704337562696182
2020-04-29,0.012489147131503398,0.005430291583047975
2020-04-28,0.011081794195250572,0.011036750029353115
2020-04-27,0.000848121085595066,0.0009290442457321468
2020-04-24,-0.00567107750472573,-0.00017403411068561692
2020-04-23,0.017831388488265265,0.012706701479547444
2020-04-22,-0.0014813860620893626,-0.0040678354531913374
2020-04-21,-0.03302586596142687,-0.029051372030144407
2020-04-20,0.05063037822693617,0.01386420191965887
2020-04-17,-0.032571428571428584,-0.012856474988312327
2020-04-16,0.034718120364901184,0.025159838977030446
2020-04-15,-0.007103894456425008,0.004908471444245555
2020-04-14,0.04388654656956659,0.01649235720032194
2020-04-13,-0.052750749648124096,-0.013624286279608877
2020-04-09,0.03333548678855203,-0.004928931682714244
2020-04-08,-0.04939043451078462,-0.029892869485082407
2020-04-07,0.018086155869779796,-0.00035623107522408937
2020-04-06,-0.02383720930232569,-0.003979331234780559
2020-04-03,-0.04466944609886836,-0.025819916517590857
2020-04-02,0.015101136048767172,0.0024484299442981694
2020-04-01,-0.04572130476320457,-0.028271356170238682
2020-03-31,0.008152173913043237,-0.005027020233756452
2020-03-30,0.002411689601361955,0.03776683087027921
2020-03-27,0.025898669685819442,-0.011745374878286197
2020-03-26,0.012277555524899952,0.022415173348112383
2020-03-25,0.013423276097029202,-0.015659820514364875
2020-03-24,-0.04329993948766209,0.015847763568500373
2020-03-23,-0.06803007941527872,-0.05270449343452599
2020-03-20,-0.06877309403514054,-0.05639982196223059
2020-03-19,-0.01741031662482795,-0.003167115902965034
2020-03-18,-0.029833525630459823,-0.0009463935645236399
2020-03-17,0.05920829085966717,0.03180188104743209
2020-03-16,0.02782901595957954,-0.025181979146173594
2020-03-13,0.1313982521847692,0.020316178943827756
2020-03-12,0.10379310344827575,0.04852640601305458
2020-03-11,0.04817244611059057,0.032698233037791624
2020-03-10,0.00774916547448723,0.010229556110332938
2020-03-09,0.00875428841831316,0.010005424627810289
2020-03-06,0.012255189398381328,-0.001969326251715642
2020-03-05,0.004576261368244294,-0.0035876584549150436
2020-03-04,-0.005535693691615773,-0.014042246759481625
2020-03-03,-0.0067841818392668785,-0.0005477784540475206
2020-03-02,-0.026271235915698465,-0.0303270202789111
2020-02-28,-0.01750704478685783,-0.01771023048420528
2020-02-27,0.0822603283090253,0.05012467233552842
2020-02-26,0.010093036368762354,0.00036529680365293693
2020-02-25,0.019761080718990742,0.004199379222201927
2020-02-24,0.037880446682723834,0.01612121212121198
2020-02-21,-0.02315400843881854,-0.019086245973994997
2020-02-20,-0.010906538523837717,-0.014654019214398573
2020-02-19,-0.00043670506032000844,-0.005368713360074051
2020-02-18,-0.009830156736387985,-0.007321007569177307
2020-02-14,-0.022944128840108102,-0.010812500000000003
2020-02-13,-0.005419136325148233,-0.002464143552157738
2020-02-12,-0.006924343038764991,-0.004560425639726362
2020-02-11,0.004343601760301796,-0.0038177653346908036
2020-02-10,0.012063961759517516,0.008878385283597412
2020-02-07,-0.006747258926061317,-0.006900918012029189
2020-02-06,0.00866119445230673,0.0008925156190233707
2020-02-05,-0.012122572679312937,-0.004585987261146562
2020-02-04,-0.002329280763549657,-0.004671103148195521
2020-02-03,0.006206935823700244,0.017293474766955974
2020-01-31,0.01709111488398407,0.0003159757330637447
2020-01-30,0.0011128421989761161,0.003980036641607176
2020-01-29,-0.02806803023566029,-0.008306065945129615
2020-01-28,-0.0016583747927033654,-0.00012690355329947334
2020-01-27,0.03425363730095077,0.005013326564284881
2020-01-24,5.538325210485695e-05,-0.007956052282629411
2020-01-23,-0.012626682173118575,0.0003182483610209008
2020-01-22,-5.608839531112686e-05,-0.009480783914481927
2020-01-21,-0.004319048687458027,-0.00019271535941411955
2020-01-17,0.01475973184609325,0.0015420200462605838
2020-01-16,-0.004108144118136758,-0.0053246086733383935
2020-01-15,0.00273147890071912,0.0022573363431150906
2020-01-14,-0.013675783855903845,-0.006048906048906066
2020-01-13,0.014316311577048602,0.0038845008416419358
2020-01-10,0.0020560124472106533,0.004449890365020082
2020-01-09,-0.005379027338767939,-0.0020545746388442865
2020-01-08,0.012879125780553169,0.003795920993373336
2020-01-07,0.012440138713051052,0.00903730290988336
2020-01-06,-0.01163486108845746,-0.0034936162103792467
2020-01-03,-0.006105946421695596,-0.01249362570117285
2020-01-02,-0.0012176223156962207,-0.013619932868577433
2019-12-31,-0.012080239388230107,-0.0056279039329886205
2019-12-30,0.009703836661431264,-0.0005923000987166915
2019-12-27,-0.0032220432198211135,-0.0003292506255762051
2019-12-26,0.0026194058964499334,-0.0024372570976878283
2019-12-24,-0.01295163979988867,-0.010103011093502534
2019-12-23,-0.014529481331305938,-0.006937495830831697
2019-12-20,-0.021201211497799965,-0.009404178142003117
2019-12-19,-0.004086875291919645,0.002373364074048867
2019-12-18,-0.0005276116778051287,0.000338249222026743
2019-12-17,0.001349052730365452,0.0012849124230742692
2019-12-16,0.002401593252108647,-6.754018641086379e-05
2019-12-13,-0.011745456670367638,-0.003309692671394915
2019-12-12,0.0021877956480607086,-0.0022363784223365935
2019-12-11,-0.005900053100478031,0.001833865380696853
2019-12-10,-0.015015727936376067,-0.008406779661016994
2019-12-09,0.0027717522294528063,0.0015725420484071773
2019-12-06,-0.009674317990626236,-0.003959314628985022
2019-12-05,0.035070687458285565,0.016448495648002215
2019-12-04,-0.008382671903394145,-0.0019553637650865374
2019-12-03,0.012355166706077059,-0.001351168760978294
2019-12-02,-0.009284671532846844,-0.006088485996482262
2019-11-29,0.008251797713073161,0.0023822488429077193
2019-11-27,-0.0113410499240032,-0.013105180960141238
2019-11-26,0.01631977294228948,0.009632585661208282
2019-11-25,-0.009192459855713153,-0.002453318795147985
2019-11-22,0.006870229007633677,0.003415767181308871
2019-11-21,0.003732431329095176,0.0011574074074074403
2019-11-20,-0.006449363778978423,-0.0003400204012240504
2019-11-19,0.00017543859649093996,0.0022448979591835894
2019-11-18,-0.006022335262819256,-0.0009502477431615475
2019-11-15,-0.003941176470588226,-0.003125212310619019
2019-11-14,0.005610346660367194,0.00415729571321477
2019-11-13,-0.006753582334977581,-0.006854893443735688
2019-11-12,-0.013953763377283823,-0.007653932891409809
2019-11-11,0.007495352881213613,0.0034432890296811625
2019-11-08,-0.0011308177597904034,0.002882437718756403
2019-11-07,0.011142227253768455,0.001984534318757225
2019-11-06,0.03700648202710677,0.019737740745799703
2019-11-05,-0.0017047391749063223,-0.006295626548791011
2019-11-04,0.028346994535519254,0.01846734515063675
2019-11-01,-0.0034318609542786094,-0.0020514856726887576
2019-10-31,0.003499222395023205,0.004509283819628562
2019-10-30,-0.013948082138705908,-0.014259308159492945
2019-10-29,0.0008981195621666771,-0.00167425663005627
2019-10-28,0.0025236946890245804,0.0034212115113705366
2019-10-25,-0.0008391138957259958,0.002473592726300433
2019-10-24,-0.0031913106768937105,0.0034678226075359753
2019-10-23,-0.012581442372500806,-0.0059812587226689695
2019-10-22,-0.00455062571103515,-0.005482382830781618
2019-10-21,0.005828571428571516,0.00040336134453777817
2019-10-18,-0.005681172594023454,6.719978496083634e-05
2019-10-17,0.006284996000457177,0.006786722214755958
2019-10-16,-0.010504201680672343,-0.0028699192418073505
2019-10-15,-0.006828484535490897,-0.007028112449799173
2019-10-14,0.023226253755488813,0.009504550050555949
2019-10-11,-0.014003387916431409,-0.005942841880341776
2019-10-10,0.008017409231473982,0.008195069523745602
2019-10-09,0.011816838995568624,0.007928576187620662
2019-10-08,-0.01083660864682745,-0.010312004230565774
2019-10-07,-0.004370778225577632,0.004808976756612404
2019-10-04,0.0,0.0011964902951342449
2019-10-03,0.007753705815279233,0.005045810649316085
2019-10-02,-0.004752206381534285,-0.008455542343770661
2019-10-01,-0.01648476580263747,-0.00799467021985345
2019-09-30,-0.01757022309559575,-0.010812625923438457
2019-09-27,0.03259206965525352,0.022744246045216965
2019-09-26,0.02051048313582493,0.005841741901221331
2019-09-25,0.00898838767306831,-0.001913938753959954
2019-09-24,0.024567033696674567,0.013092640349137152
2019-09-23,0.010476859102446445,-0.00039161934599563075
2019-09-20,-0.052001496445940876,-0.015801501795625228
2019-09-19,0.008230916676062794,-0.0007297817289192432
2019-09-18,0.00195705658689338,0.006373655557030844
2019-09-17,0.01233327752664759,-0.0015833223380392614
2019-09-16,-0.013175303197353938,-0.006805867582926006
2019-09-13,-0.025976202446790664,-0.008116559111170152
2019-09-12,0.042498279421885776,0.011067140653296725
2019-09-11,-0.0003851020520436732,-0.0027862544779090337
2019-09-10,0.0008805723720417546,-0.0026609898882383742
2019-09-09,-0.0010447597052677393,0.007937566702240995
2019-09-06,-0.010953927450872536,-0.0032426709019918176
2019-09-05,0.0466941228851292,0.012813703359447537
2019-09-04,0.039347051629712304,0.02287774500163886
2019-09-03,-0.015859211132142947,-0.0028838759292488803
2019-08-30,-0.039351250194936904,-0.017160485892409594
2019-08-29,-0.008495670995670945,0.0050353125817421684
2019-08-28,0.007258636686132025,0.007938057127984788
2019-08-27,-0.008560901603814508,0.0017429475179135956
2019-08-26,-0.028035850912667915,-0.00940842892125271
2019-08-23,-0.012988473432667846,0.0002602133749673996
2019-08-22,-0.030762219437165506,-0.02620967741935476
2019-08-21,0.01622193487715995,0.01228878648233489
2019-08-20,-0.008212839791787108,0.0
2019-08-19,-0.012129694425005777,-0.002705020782476808
2019-08-16,0.01074380165289246,0.007938608097380229
2019-08-15,0.005373204064945902,0.004988185875558049
2019-08-14,0.003834088532589597,-0.002220480668756575
2019-08-13,-0.01707175925925941,-0.008967142296112063
2019-08-12,0.005063291139240311,0.0020474209101117857
2019-08-09,-0.008201042704001016,-0.005734247297653594
2019-08-08,0.0002953162837400214,0.0006629101756712164
2019-08-07,0.012990080302314633,-0.0014574362371646554
2019-08-06,-0.04144322685940771,-0.01532541630730444
2019-08-05,-0.0060808756460931646,-0.013205767416790248
2019-08-02,-0.004588559192413522,-0.004847739997268841
2019-08-01,-0.005531653349723387,-0.01722126929674095
2019-07-31,0.013906056860321536,0.0037698966769057485
2019-07-30,0.00932642487046631,0.002782028098483824
2019-07-29,-0.007126464548858458,-0.005895408517131329
2019-07-26,-0.0026155717761556785,-0.0007674597083652257
2019-07-25,0.0008538147222050263,-0.0032816645719871973
2019-07-24,0.013100968862348461,0.0063047285464097325
2019-07-23,-0.009022013713460786,-0.010302819352593029
2019-07-22,-0.003945132313668442,0.003657593022438066
2019-07-19,-0.01316190360124292,-0.00014016399187055661
2019-07-18,0.0001852423587527241,0.000981285483983907
2019-07-17,-0.018829485121620082,-0.004761571318535052
2019-07-16,-0.013527968287925463,-0.007106170407373491
2019-07-15,-0.019964281158310948,0.001629818594104382
2019-07-12,-0.008395704523267211,-0.0009197028652281336
2019-07-11,-0.005907062221055415,-0.0038946324883161187
2019-07-10,0.005281922619833734,0.0041231250444302425
2019-07-09,-0.005188493366609648,-0.008495575221238894
2019-07-08,-0.006403908364692623,-0.000357015351660106
2019-07-05,-0.0032558139534885067,7.142857142850012e-05
2019-07-03,0.022331844543697077,0.014856081708449542
2019-07-02,-0.0063901930099112825,-0.009078752903089682
2019-07-01,-0.008662554140963397,-0.015909090909090984
2019-06-28,0.009731232622798958,0.01739318706697479
2019-06-27,0.0026879958041041707,0.001631552812655146
2019-06-26,-0.000719236301817805,-0.0002832861189802083
2019-06-25,0.006543217954590119,0.005029753471238463
2019-06-24,0.005070532405902606,-0.0003524353281172399
2019-06-21,-0.005885777116615976,-0.012762656889014345
2019-06-20,0.007937540663630616,-0.0022855510320689554
2019-06-19,-0.03446940356312944,-0.03443338821676578
2019-06-18,0.0023398850113651726,0.0014086595492290854
2019-06-17,-0.010938437937704215,-0.005774783445620768
2019-06-14,-0.0017533211949559702,0.0011914513366593216
2019-06-13,0.006012294805107121,-0.0005950167348456326
2019-06-12,-0.009333870534515287,-0.005135074793480743
2019-06-11,-0.0008811767098216849,-0.004189108318372159
2019-06-10,-0.006852103120759789,-0.0014272836538462563
2019-06-07,0.026777785367852802,0.012638230647709303
2019-06-06,-0.008382675803339734,-0.0025258153183269627
2019-06-05,-0.007648440120764932,-0.00677738884337542
2019-06-04,-0.003988912176323245,-0.007648470305938626
2019-06-03,0.0005430355688296196,0.0034003324769533716
2019-05-31,-0.011736770691994525,-0.012651555086979571
2019-05-30,-0.007345369671174495,-0.01830523987491417
2019-05-29,-0.003388658367911579,-0.0006215523269365031
2019-05-28,-0.006314620775796254,-0.002954209748892156
2019-05-24,0.0164106145251397,0.00522417153996102
2019-05-23,0.003984884919271625,0.0013962147067949626
2019-05-22,-0.011222883733661648,-0.013013168086754456
2019-05-21,-0.0026991487300159767,-0.0007848061528802353
2019-05-20,0.00242886884108251,0.003220232485076968
2019-05-17,-0.003946002076843258,-0.0012526422923353486
2019-05-16,0.010494856825132182,0.008230775260641199
2019-05-15,0.018777082330283967,0.009018815114290035
2019-05-14,0.0,-0.0011558021266758756
2019-05-13,-0.0023629489603024245,0.004242845020442809
2019-05-10,0.0008797455505176188,-0.01106160700568437
2019-05-09,-0.0011494252873562871,-0.001708870591890621
2019-05-08,0.006024504163000044,-0.0029567382508558504
2019-05-07,0.0043062844839185654,0.0032776650538473007
2019-05-06,6.699718611824501e-05,-0.001400124455507079
2019-05-03,0.0034166275875928687,-0.0019473438230254159
2019-05-02,-0.024102016290559414,-0.007258253336455134
2019-05-01,0.007662311007730738,0.00959119496855343
2019-04-30,0.011609749473827202,-0.001090172870269468
2019-04-29,0.002214765100671201,-0.0010134081696289154
2019-04-26,0.010379695975356595,0.005696449473273413
2019-04-25,-0.008483563096500446,-0.007060831781502075
2019-04-24,0.002406417112299275,-0.00023442994451816634
2019-04-23,-0.008735662843424863,-0.004846021572612158
2019-04-22,0.012983518331651567,0.0034558592522775378
2019-04-18,-0.0013281976358081593,-0.0012523481527864089
2019-04-17,-0.006583322250299228,0.0006269592476488839
2019-04-16,-0.00160653323515636,0.0003132832080201542
2019-04-15,0.004022795843110938,0.011039774506733435
2019-04-12,-0.0008013355592654259,0.0030202121892666245
2019-04-11,-0.006415825703401601,-0.0014669549104385782
2019-04-10,0.02535817582565425,0.015928245573339606
2019-04-09,-0.0021647861453688577,-0.004262120404901593
2019-04-08,-0.0024981920978238703,-0.008560727661851342
2019-04-05,-0.005733869373228839,-0.0011564258731014965
2019-04-04,-0.0001325732467186702,-0.0010033961099104038
2019-04-03,0.0011933174224343368,0.0007726184037704087
2019-04-02,-0.0027148722023573324,7.720219254236937e-05
2019-04-01,0.002523072837129048,-0.0009263547938861416
2019-03-29,0.0007285250678852329,0.0033225158399010635
2019-03-28,-0.009066843150231652,-0.002464381979206842
2019-03-27,0.02170573699325451,0.016675673589130025
2019-03-26,0.00856321087723888,0.003417115954134742
2019-03-25,0.00894419599455576,0.0057514757075827205
2019-03-22,-0.010278152502087745,-0.007750188111361855
2019-03-21,0.0019471668722010893,-0.003867445211192977
2019-03-20,-0.012437649802422901,-0.00997259439707665
2019-03-19,0.008330600196785776,0.0046136101499423265
2019-03-18,-0.003252667187093383,-0.0038270187523918864
2019-03-15,0.00013053126223727674,0.001075681905493786
2019-03-14,-0.014552336204646465,-0.007291426817100266
2019-03-13,0.023508376928680352,0.012293180763877976
2019-03-12,-0.007634575569358204,-0.009928969678454136
2019-03-11,-0.004172643108618979,-0.004011417110236892
2019-03-08,0.004910305093623002,0.006351173418015721
2019-03-07,-0.02013160466479913,-0.010159316555068187
2019-03-06,0.002992021276595924,0.0011663167716351452
2019-03-05,0.0013258203513424327,-0.0022522522522521182
2019-03-04,0.0,0.002179497158869781
2019-03-01,0.009996689837801886,0.0090873786407768
2019-02-28,0.0247771368641847,0.013008004926108319
2019-02-27,0.002430599974414749,0.0012157130917105352
2019-02-26,0.016207248596222357,0.008196099263868772
2019-02-25,0.00012558081125213505,0.0007527286413246959
2019-02-22,0.005273731793068892,0.0024821361414064658
2019-02-21,-0.006620034973769728,-0.0037515006002400986
2019-02-20,0.023576009053187574,0.015137821961138886
2019-02-19,-0.01928628462625137,-0.0022998738778842176
2019-02-15,-0.014028934677772886,-0.016879833432480673
2019-02-14,-0.013656863367846106,-0.006202253989864515
2019-02-13,0.0061823802163833985,-0.0023593880812847745
2019-02-12,0.004224270353302639,0.0024412572474825645
2019-02-11,-0.002103250478011409,-0.0053272450532724225
2019-02-08,0.009708117774797298,0.008798775822494331
2019-02-07,-0.006072490353596138,-0.0032612817595751853
2019-02-06,-0.0007636988480875795,0.0001521838380764695
2019-02-05,0.008598178459970685,0.0036518563603165077
2019-02-04,0.0031573629704471085,7.580351728320167e-05
2019-02-01,0.0028326828654161584,0.0021223376032744046
2019-01-31,0.008850668507940584,0.002344754557144002
2019-01-30,-0.009021901443504232,-0.00731964986417144
2019-01-29,-0.005525208764990186,-0.00022805017103755265
2019-01-28,-0.004672012121977431,-0.00448600973236013
2019-01-25,-0.004186489058039866,-0.0038952111815473422
2019-01-24,-0.025415631568889818,-0.014031590246894599
2019-01-23,0.005228758169934622,0.0033439614277936958
2019-01-22,-0.0035760728218466875,-0.005270500697566183
2019-01-18,0.004828711256117613,-0.0006233442418577262
2019-01-17,0.008896681602701406,0.007562763137377138
2019-01-16,0.006565396498455112,0.0011607211947690654
2019-01-15,-0.001151042332779184,-0.004173751739063092
2019-01-14,-0.0007042253521125641,0.000543309531201297
2019-01-11,0.0030110833493495193,0.0003102940035684121
2019-01-10,-0.0008303525804803646,-0.0016285381930980503
2019-01-09,0.005881224828997,0.003573093055771359
2019-01-08,-0.0013981569748967582,-0.004721362229102133
2019-01-07,0.0027365875389804284,0.003110661793296554
2019-01-04,0.0019040365575020424,-0.00317854097216852
2019-01-03,0.0006968199670593922,0.006999533364442367
2019-01-02,-0.009368867506488576,-0.008263824528884856
2018-12-31,-0.006965301297207627,-0.0021805155361731554
2018-12-28,-0.006692406692406672,0.0013267774916101427
2018-12-27,-0.008162736460222808,-0.0014809041309431503
2018-12-26,-0.012214239059438303,-0.006322691437046224
2018-12-24,-0.020035707200952158,-0.0009426551453259879
2018-12-21,-0.007962213225371162,-0.010772133983330767
2018-12-20,0.01135899877567681,0.007789523885223915
2018-12-19,-0.0034299549398078,-0.009070115939742829
2018-12-18,-0.007895802402483554,-0.0022285896211399203
2018-12-17,0.0039453098428678945,-0.001435864709636192
2018-12-14,-0.008266142692594292,-0.008308036427544185
2018-12-13,0.014893762383001885,0.004833252779120389
2018-12-12,-0.0002692696061933342,0.0020843354176687257
2018-12-11,-0.015015823850245691,-0.0022399999999999087
2018-12-10,-0.0015723270440251014,0.001763951250801865
2018-12-07,0.00623074289626846,0.002561229390107167
2018-12-06,-0.012724550898203568,-0.007185055085422332
2018-12-05,0.005031359845613093,-0.0008041170794467201
2018-12-04,0.003977506514881268,0.0032190568163528166
2018-12-03,-0.009631147540983598,-0.005615273544039789
2018-11-30,-0.019449617214980397,-0.010971281058405835
2018-11-29,0.013012590560596449,0.0035889070146819524
2018-11-28,0.0036800444382723008,-0.0004876462938883108
2018-11-27,-0.016188170183327744,-0.008050089445438169
2018-11-26,0.008578862245974372,0.007213706041478751
2018-11-23,0.001673290106672276,-0.004476275738585445
2018-11-21,0.007865246746015186,0.0021255722694570878
2018-11-20,-0.014571823204419965,-0.0037526513297437836
2018-11-19,0.00939098745532263,0.0033573534228625856
2018-11-16,-0.001458029577171338,-0.0018770913245735876
2018-11-15,-0.008274231678486954,-0.006541291905151292
2018-11-14,-0.012830400336535042,-0.004032921810699697
2018-11-13,-0.00909090909090915,-0.009007520039665984
2018-11-12,0.0015768348623852457,0.0017511674449632864
2018-11-09,0.011879204236439067,0.006076750187297142
2018-11-08,0.02001414427157,0.013652159523415586
2018-11-07,0.010122720654510253,0.002938535629744665
2018-11-06,-0.004736083464891294,-0.0019532839586555717
2018-11-05,0.010137931034482683,0.0048927668596592255
2018-11-02,0.007441796955007796,0.0008114907084313394
2018-11-01,0.0014231499051235996,0.004297413443606457
2018-10-31,-0.03349800365432776,-0.01905377038591949
2018-10-30,0.012603276851981482,0.008477366255144059
2018-10-29,-0.0013829345871939625,0.0018770913245735876
2018-10-26,0.017864561695056125,0.006679700228087393
2018-10-25,-0.004761904761904634,-0.002751254248260171
2018-10-24,0.0031442241968555606,-0.0010548523206752591
2018-10-23,0.007972199509403088,0.0046300056859718275
2018-10-22,-0.01392550530656389,-0.009864165588615803
2018-10-19,0.004318914101597349,0.0033480320104524175
2018-10-18,-0.0031399317406143323,0.0011394156425488244
2018-10-17,0.004039989044097414,-0.0021949435005282902
2018-10-16,0.0025915569801540084,0.0029330291673455022
2018-10-15,-0.0030610162573974087,-0.0037367993501218333
2018-10-12,-0.0014328602620086173,-0.0035877364644488763
2018-10-11,-0.001981551076187249,0.004582651391161985
2018-10-10,-0.019170204025742876,-0.027859237536656756
2018-10-09,0.00516543347759324,-0.0015920898273840134
2018-10-08,-0.009791666666666643,-0.005958875367184091
2018-10-05,0.027351146644224666,0.01789935832489009
2018-10-04,-0.00402757867431236,-0.0033178500331785266
2018-10-03,0.005483207676490798,0.0010818908122505189
2018-10-02,0.0015678254942057546,0.0034084296283980464
2018-10-01,-0.012659089362281328,-0.012676056338028152
2018-09-28,0.014131109119735363,0.003776118150541352
2018-09-27,-0.03473355084284946,-0.011620130412974494
2018-09-26,0.014083515245405298,0.014209591474245054
2018-09-25,0.006388445246857888,0.005003752814610962
2018-09-24,-0.010487821707030998,-0.0005808646585344635
2018-09-21,0.001255142598145298,-0.002573895715709207
2018-09-20,-0.0037607075701652226,0.008324315325064502
2018-09-19,-0.008109052778748627,-0.007512589779575585
2018-09-18,-0.0002819085206849925,0.0005822658459491148
2018-09-17,0.0026788861473385772,0.0024108404688667484
2018-09-14,-0.0056950010546296115,-0.0038978271686846977
2018-09-13,0.007212558336868957,0.005911248022645976
2018-09-12,0.0034400449311988712,0.0022347293494455744
2018-09-11,-0.009795004547680675,-0.007184738624163911
2018-09-10,0.0019783791422314234,-0.001996340043254108
2018-09-07,-0.0007756857767434733,0.0005000833472246224
2018-09-06,0.0007762879322512628,0.003248917027657283
2018-09-05,0.0027501586629998798,-0.002491073652744369
2018-09-04,-0.002812939521800395,-0.0018313493715141904
2018-08-31,0.026586741889985888,0.006338086898507234
2018-08-30,0.002541732499828253,-0.0014088008618546866
2018-08-29,0.014800602987529166,0.0053941908713692754
2018-08-28,-0.0029034436191761603,-0.003384234420140242
2018-08-27,0.013882305139838902,0.0071227430843132655
2018-08-24,-0.004742185412770605,-0.0022203947368421018
2018-08-23,-0.017381383799744854,-0.015907030412923406
2018-08-22,0.014205709602513217,0.00778894472361813
2018-08-21,-0.005656565656565804,-0.0027424582398404285
2018-08-20,-0.006501422186103056,-0.0045000000000000595
2018-08-17,-0.002658486707566521,-0.008705842959986443
2018-08-16,0.0056045383090699286,-0.00016889039013678886
2018-08-15,-0.017603479915720643,0.0008445945945945166
2018-08-14,0.03950463539504634,0.006751054852320637
2018-08-13,-0.0028618968386022736,0.004945515507124965
2018-08-10,0.020891736750767498,0.016765368254233026
2018-08-09,0.010918600849950888,0.000738310090238059
2018-08-08,-0.0019402405898331088,0.0009017132551847329
2018-08-07,-0.003823224468636699,-0.0022113022113022796
2018-08-06,-0.005268978078449171,-0.007961914142657789
2018-08-03,0.011116923881768326,0.012080092669204179
2018-08-02,-0.008601733281593527,-0.01030085022890792
2018-08-01,0.008024006784526083,0.014042623492483086
2018-07-31,0.006924669945638229,0.004887585532746819
2018-07-30,-0.0014139726203483693,-0.0017023346303500775
2018-07-27,-0.002831949539808254,0.0009744214372715554
2018-07-26,-0.0035499903182083514,0.002109191206295158
2018-07-25,0.009781059722762109,0.004614263741601343
2018-07-24,-0.004426197960100131,-0.00515713134568907
2018-07-23,-0.009793814432989656,-0.00016199578810938142
2018-07-20,0.011777719937532627,-0.0026733635774466302
2018-07-19,-0.00945398417904686,-0.005767200064982436
2018-07-18,0.01116738085962865,0.0031862745098039102
2018-07-17,0.00276101194298195,-0.000488639139995195
2018-07-16,0.0075558686047254575,0.010103479181944097
2018-07-13,0.005084207181442757,0.0012099701540695396
2018-07-12,0.01024343977236808,0.004350628424105496
2018-07-11,-0.010014395693809908,-0.001764800256698118
2018-07-10,0.017070240880065812,0.008839601414336151
2018-07-09,0.0032324236961520647,0.0033455472359404936
2018-07-06,-0.004337319536526274,-0.003016830739917431
2018-07-05,0.0017424855311467535,0.0023889154323937234
2018-07-03,-0.0033546623594460367,-0.004210359072132186
2018-07-02,-0.012965156142865975,-0.009413641802951678
2018-06-29,0.022923902747079117,0.010308448095353029
2018-06-28,-0.009692554636374862,-0.002789956157831841
2018-06-27,0.012218689607879973,0.004076738609112729
2018-06-26,0.005789246782040847,0.0030252368442005295
2018-06-25,0.00465372604249592,0.007143424081276217
2018-06-22,0.008045346498445793,0.0014185515013003247
2018-06-21,-0.012878650462543106,-0.00015739356260335846
2018-06-20,-0.0010412838417248604,0.0031483667847305163
2018-06-19,0.0008584217303329034,0.0032169478226755643
2018-06-18,0.0071678000367580985,0.0011731581417175896
2018-06-15,0.0024330900243307862,-0.0012499023513786733
2018-06-14,0.047451456310679596,0.02330856472428633
2018-06-13,-0.015699223728420808,-0.005350454788657033
2018-06-12,-0.005885468777588221,-0.0014600783831552056
2018-06-11,0.0036113906814281282,0.002924426658457824
2018-06-08,-0.012446908919301669,-0.00038367096378144616
2018-06-07,0.004420285526551604,0.00023029093421356173
2018-06-06,-0.007195955991673997,-0.0012279355333844055
2018-06-05,-0.009045165927878518,0.0006147226064239231
2018-06-04,-0.0067702351447743725,-0.003762862847488946
2018-06-01,0.0006086056843772614,0.0015416634548677255
2018-05-31,0.0010340003649411678,0.004156084045255248
2018-05-30,0.005225422287033821,0.0013796275005748537
2018-05-29,-0.010336073500967102,-0.0018369690011481588
2018-05-25,0.010566176021498785,0.0037573805689747886
2018-05-24,0.008521697086909308,0.0006111535523298794
2018-05-23,-0.01689938275304126,-0.011452130096197943
2018-05-22,0.01036269430051795,0.002008032128514081
2018-05-21,-0.0033182503770738947,-0.00501002004008011
2018-05-18,-0.0039346246973366306,0.0003098613370515757
2018-05-17,0.0015800668489820424,-0.0014713854255400394
2018-05-16,-0.006674352284448681,0.0016286644951140072
2018-05-15,-0.006230529595015355,-0.0009291521486644028
2018-05-14,0.023111438932939876,0.021622878400372025
2018-05-11,0.006428356863922957,0.0018965255651646196
2018-05-10,0.0004178605539637559,0.0012114787612629296
2018-05-09,-0.013127274897070218,-0.007033199727747075
2018-05-08,-0.004051030896668473,0.0005331302361004653
2018-05-07,0.0013963088878095054,0.0003044835198293683
2018-05-04,0.00145498635950303,0.0004565862567538215
2018-05-03,-0.004358617349718652,-0.0015212596029512415
2018-05-02,-0.00437769806043653,-0.005408699626723634
2018-05-01,-0.015145038167938996,0.0009191176470588758
2018-04-30,0.016990140757735528,0.00948882767064596
2018-04-27,0.005853301627949614,0.00318374772589447
2018-04-26,0.004243195732557492,-0.004155961916276207
2018-04-25,0.0006036095853203527,0.003718036269823033
2018-04-24,0.01266815467213589,0.007710916238282461
2018-04-23,-0.011913981056770107,-0.006751687921980443
2018-04-20,0.03472599023331524,0.010800604229607158
2018-04-19,0.004428130280254017,0.00784577449002466
2018-04-18,0.0005220720459424566,0.003484578884934697
2018-04-17,-0.02672773654916527,-0.002955301071296601
2018-04-16,-0.00655268958122357,0.0008892182289736983
2018-04-13,-0.0011392936379444052,-0.002072999185607438
2018-04-12,-0.011105775003001694,-0.004451368795904687
2018-04-11,0.017908092029381484,0.013488337431999398
2018-04-10,-0.010257633587786308,-0.010367647058823426
2018-04-09,-0.004037117377681421,-0.004309384055279142
2018-04-06,-0.010103454534454492,-0.0029848518767255916
2018-04-05,-0.0004278205598338136,-0.005688196991243122
2018-04-04,-0.006175481504127167,0.008806925103500118
2018-04-03,0.00849021779254322,-0.002163856140874554
2018-04-02,0.0170815031722793,0.011665295745158177
2018-03-29,-0.024232245681381936,-0.018922315026979164
2018-03-28,-0.0009220555692156518,0.0020342047766142013
2018-03-27,0.017719805574355485,0.013458646616541392
2018-03-26,0.00864518469258213,0.009644632391127006
2018-03-23,-0.006113641812515058,-0.0038210008082886215
2018-03-22,-0.011759739476540854,-0.01659659216640852
2018-03-21,0.0019527674376029758,-0.008775877587758774
2018-03-20,-0.014251781472684244,-0.007264472190692373
2018-03-19,0.008649984553599,0.00449729400106702
2018-03-16,-0.003246554364471521,-0.004173622704507496
2018-03-15,0.009218289085545672,0.00419111483654655
2018-03-14,0.007002801120448154,0.005918955835483297
2018-03-13,0.005442341416218133,0.001131563065781549
2018-03-12,-0.005473025801407405,-0.004747193127872751
2018-03-09,0.004354136429608246,0.0024227740763174133
2018-03-08,-0.006502890173410436,-0.0017371601208459042
2018-03-07,-0.0003636363636363438,0.0044639479458272735
2018-03-06,0.01758215108524319,0.005724615848147208
2018-03-05,-0.022163965681601727,-0.011458957459556607
2018-03-02,0.003290275408237786,0.0026517160390939765
2018-03-01,-0.011538928701566697,-0.013752455795677854
2018-02-28,0.0080486606045711,0.009730309531106318
2018-02-27,-0.0037179252757969516,-0.0018210789893012835
2018-02-26,0.016884864798727417,0.0131508931965032
2018-02-23,-0.004391769943448476,-0.0018757503001199938
2018-02-22,0.005377968457308535,0.0018041043373675514
2018-02-21,0.0024041351123935684,-0.00045021385157961724
2018-02-20,-0.009893272574649448,-0.0006756249530814884
2018-02-16,0.01713801247501978,0.018780048076923128
2018-02-15,0.0,-0.0006636189352603461
2018-02-14,0.004882114789235503,0.001992178853390536
2018-02-13,-0.02073705415333582,-0.020324005891016128
2018-02-12,0.0025411423039691794,-0.0030066145520144527
2018-02-09,-0.02601086300543154,-0.00806694813027753
2018-02-08,0.012516264948261968,0.0025081705555978218
2018-02-07,-0.00630316382106344,-0.003335860500379151
2018-02-06,0.021061707106786454,0.011334246158527295
2018-02-05,0.005488540410132803,0.005265137269650166
2018-02-02,0.0022794073540879367,0.0005985783763560182
2018-02-01,0.026692201807409166,0.007926418903761334
2018-01-31,0.005013115709705529,-0.0035610950367239713
2018-01-30,-0.010614233513137283,-0.0023080932171840596
2018-01-29,0.004045022863172543,0.003805970149253657
2018-01-26,0.018333625270041454,0.008995613709017913
2018-01-25,0.009976492173613849,0.007957559681697646
2018-01-24,-0.007152994606869023,-0.004824561403508731
2018-01-23,-0.03293498770655845,-0.01814308799764952
2018-01-22,0.004493584816413376,-0.0035909328944414565
2018-01-19,0.0027664959679791767,0.0009009685411816015
2018-01-18,-0.00481333646395854,-0.004425774510539271
2018-01-17,0.012504423734811754,0.009041591320072317
2018-01-16,0.0013398578585575027,-0.0015681003584230302
2018-01-12,-0.00279248356507078,-0.0016453518809361745
2018-01-11,-0.010209439355930217,-0.009289085324743485
2018-01-10,0.004066957444300412,-0.002419659735349744
2018-01-09,-0.0014675667742881648,-0.004244675206548809
2018-01-08,0.007877718988830162,0.005100098957143917
2018-01-05,0.008224451703219726,0.0014389578915479095
2018-01-04,-0.0009256580850447449,-0.000529380624669118
2018-01-03,-0.0001158144652267934,-0.002345641646488983
2018-01-02,-0.0035327503330051524,-0.0018202502844141266
2017-12-29,-0.0035452749041031684,-0.005166780639768942
2017-12-28,-0.01294838145231858,-0.009241579469945749
2017-12-27,-0.00986822667375753,-0.004471168670983627
2017-12-26,-0.009071377417044668,-0.0030199783181044104
2017-12-22,-0.009636232233196651,-0.0067572815533980535
2017-12-21,-0.012466553150085269,-0.006412261495151728
2017-12-20,0.0022168852761867974,-0.0007870297497245549
2017-12-19,-0.007496159754224241,-0.0042533081285442975
2017-12-18,0.0032192162446604833,0.0010283183040658006
2017-12-15,-0.00876272755322427,-0.006321612011062849
2017-12-14,-0.008030878416235954,-0.00031809145129235716
2017-12-13,-0.004079327224802309,-0.006761594145254901
2017-12-12,-0.012666204549751203,-0.005526189332051734
2017-12-11,0.007467449578759222,0.0041878070387373345
2017-12-08,0.0024073487488120993,0.0012029833988291827
2017-12-07,-0.001327181950325551,0.003764818968279293
2017-12-06,0.009682318693836178,0.010374271805921209
2017-12-05,0.007082419304293097,-0.0009477924334568844
2017-12-04,0.018981827234254567,0.010119377025851861
2017-12-01,0.0009161424296095788,0.0036002191437738418
2017-11-30,0.005247742250427345,-0.004367152772362104
2017-11-29,0.005281048925579679,0.007441058980183213
2017-11-28,0.021556669283255836,0.010107292800497492
2017-11-27,0.011880836978366283,-0.000230911330049266
2017-11-24,-0.0015187803025877855,-0.005466163676957514
2017-11-22,0.007195928157725184,0.0038705681994117835
2017-11-21,-0.014869888475836257,-0.011644046884639048
2017-11-20,-0.006957547169811451,-0.004993368182882207
2017-11-17,0.03152832205201306,0.0166235395593195
2017-11-16,-0.01732573533644166,-0.014114924797531736
2017-11-15,-0.005916119962511623,-0.0003911750899702193
2017-11-14,0.00601025278416123,0.004069812945135753
2017-11-13,-0.0015228723715808856,-0.0031179359264167372
2017-11-10,-0.010324397254649065,-0.0036750332316835
2017-11-09,0.006164424159800896,0.010437921833307051
2017-11-08,0.009602356406479995,-0.002951456310679612
2017-11-07,-0.011553273427470923,-0.006154085845602619
2017-11-06,0.017414403778039933,0.004546167110832444
2017-11-03,-0.023266608645198694,-0.00967540574282133
2017-11-02,0.01799928715694432,0.0070122912070593735
2017-11-01,0.0022757775573318817,-0.0006259291135278788
2017-10-31,-0.0281206334420121,-0.005323729742425343
2017-10-30,0.00922542383034819,0.005667060212514841
2017-10-27,-0.005638986169644644,-0.004617672380057947
2017-10-26,0.003521967526265657,-0.0017298317345495473
2017-10-25,0.006781274165724938,0.007403906742281086
2017-10-24,0.0024224519940914124,-0.000547302580140796
2017-10-23,0.006424613933750045,0.0020339513416256505
2017-10-20,0.00017569546120066448,-0.0003122804278242741
2017-10-19,0.010364211265956103,0.007418976962124235
2017-10-18,-0.014952187771660297,-0.005426356589147252
2017-10-17,0.002588692122139191,0.002494154325799025
2017-10-16,0.019247696731412356,0.013061732234489254
2017-10-13,0.0024181012148078995,0.0012279355333844055
2017-10-12,-0.008328068462466254,-0.006208799632071105
2017-10-11,-0.0077030001158345796,-0.005861935981488542
2017-10-10,0.004319150178019093,0.0038016913647294093
2017-10-09,-0.013715348404718997,-0.006801669500695606
2017-10-06,-0.010665252489541088,-0.007859922178988232
2017-10-05,-0.009053007742704011,-0.001333437916699376
2017-10-04,-0.0008414472893374381,0.002827521206409056
2017-10-03,0.0015640038498554443,-0.001723057644110293
2017-10-02,0.00024024024024038582,0.0009414718343010442
2017-09-29,0.0013210039630118242,0.007054397240946919
2017-09-28,0.010254257615735396,0.0030354919053550145
2017-09-27,-0.001187154983082972,-0.0006983782105999259
2017-09-26,0.0033279847863552092,0.010793601490914906
2017-09-25,0.015637031333294082,0.007528616424675283
2017-09-22,-0.009506036041290078,-0.010674799847502858
2017-09-21,0.002001884126236364,-0.002080924855491384
2017-09-20,0.018568574450581687,0.016682113067655324
2017-09-19,-0.0031729548863504986,-0.004405955636584746
2017-09-18,-0.007118467503906545,0.0001526018617428182
2017-09-15,0.03176731172767555,0.010985657613671096
2017-09-14,0.004971470538387646,0.0030938726230003155
2017-09-13,0.0043847321378378545,-0.000977958323929884
2017-09-12,0.0012872894162421211,0.003539156626506168
2017-09-11,0.0006707657909446052,0.00225106925789742
2017-09-08,0.012344989386660732,0.011604402186119689
2017-09-07,-0.00038624951718813083,-0.000666074600355282
2017-09-06,-0.011371163612276414,-0.008368510701325604
2017-09-05,0.0017308766052483993,0.00410754294249438
2017-09-01,-0.006967281645393286,-0.010487169951654773
2017-08-31,-0.01352716659182751,-0.006163559831629639
2017-08-30,-0.004096728307254605,-0.0061261533807291935
2017-08-29,0.000742729817745369,0.0036526900540294616
2017-08-28,0.0007421785795844738,-0.0027295473500645873
2017-08-25,-0.022648183011010237,-0.013228921158670914
2017-08-24,-0.005019845902405007,-0.004545804761537986
2017-08-23,0.004693183151472491,0.0020897832817337036
2017-08-22,-0.008408268130328023,-0.0028578048968873615
2017-08-21,0.0019432340124838632,0.004415182029434472
2017-08-18,-0.0008815750808111034,-0.003933060846764924
2017-08-17,0.0031176470588236693,0.0006193868070611952
2017-08-16,-0.006626400046912506,-0.007350665428659808
2017-08-15,-0.013341204250295058,-0.002494348741133412
2017-08-14,0.024410673686729556,0.008361334687817523
2017-08-11,-0.003037028384534457,0.0027898326100432858
2017-08-10,-0.00029291154071464653,-0.003013910355486926
2017-08-09,-0.01183709346615891,-0.00837144407410273
2017-08-08,-0.028108877423945966,-0.013054013913859186
2017-08-07,-0.008420281896393988,0.0016632345952796168
2017-08-04,6.153467478942076e-05,-7.907013521002426e-05
2017-08-03,0.023258675855279298,0.007749486003479467
2017-08-02,0.006193625977149786,0.003138731952291307
2017-08-01,0.0018526265463454372,0.0007822277847309156
2017-07-31,0.001312335958005173,-0.004689698296076239
2017-07-28,-0.005421184320266725,0.001492068478090136
2017-07-27,-0.0073075771188978456,-0.006900337175566484
2017-07-26,-0.006878658058287579,-0.008606395578365622
2017-07-25,0.005042833708001737,0.0023096527556547564
2017-07-24,-0.005984766050054602,0.0017481128327374584
2017-07-21,0.0008514261387826405,0.00023796303640821748
2017-07-20,-0.006805614632071522,-0.012291831879460702
2017-07-19,-0.002936677883144556,-0.002810116419108777
2017-07-18,-0.0017794686138552507,-8.0515297906536e-05
2017-07-17,-0.010388492746496225,-0.0066027860536275185
2017-07-14,-0.010311199453382214,-0.00502553294966368
2017-07-13,-0.015188602272014129,-0.008309572301425705
2017-07-12,0.012491237014849332,0.0014786823297461282
2017-07-11,-0.008938125511424477,-0.003609219916331563
2017-07-10,-0.007367418228008793,-0.001234872808100751
2017-07-07,-0.013052658519419058,-0.0028849324101549723
2017-07-06,0.03617504051863851,0.011242456807472934
2017-07-05,-0.005443283488706707,-0.0013079375459821296
2017-07-03,0.012330145948666216,-0.0020463288859785544
2017-06-30,0.033246333581903986,0.018946850393700698
2017-06-29,0.001623864798219854,0.002817354906222258
2017-06-28,0.008226251951483077,0.0026489003050247373
2017-06-27,-0.0083378000119112,-0.0017612681130412255
2017-06-26,-0.0012011290613176406,-0.00040099446627639423
2017-06-23,0.004569779327761481,0.008023106546855008
2017-06-22,-0.008020590171784248,-0.005571474052849412
2017-06-21,-0.012007482049115947,-0.002881383063870757
2017-06-20,0.002626114571882221,-0.0018462032428960828
2017-06-19,0.005177559846500479,0.0025733815842381436
2017-06-16,0.0096351957338503,0.007860752386299685
2017-06-15,0.0033011223816097335,-0.0015121368881815256
2017-06-14,0.025125628140703515,0.016977522716403737
2017-06-13,-0.021533613445378186,-0.005721451524414278
2017-06-12,0.010556450169976861,0.0002364811603343675
2017-06-09,0.016466005665722205,0.001970210418472673
2017-06-08,0.01108982174998574,0.006370929683813031
2017-06-07,0.011829562421040496,0.010707307542008548
2017-06-06,0.005107832009080493,0.0033250850603154802
2017-06-05,-0.0072840203274986415,-0.011406551059730208
2017-06-02,-0.003185256811330417,-0.0019490137990176848
2017-06-01,-0.013922967189728963,-0.007889392282455998
2017-05-31,0.007233377698049992,0.004172899771671679
2017-05-30,0.0012064805239573317,-0.007605457111494518
2017-05-26,-0.005967751190681048,0.0045034368333729535
2017-05-25,-0.0075044738209318895,-0.009123800534843629
2017-05-24,-0.004420403652649174,-0.005318304492776704
2017-05-23,0.001285271951860567,0.0019152501795547394
2017-05-22,0.0030340159869304273,0.0046993229788929725
2017-05-19,-0.022977139200744512,-0.006183605517678936
2017-05-18,-0.007501786139556876,-0.0006381620931715792
2017-05-17,0.01415716856628646,0.004709450830140627
2017-05-16,-0.009404944989944375,-0.017716691824898656
2017-05-15,-0.00859855496506845,-0.0051763183435782345
2017-05-12,-0.012106245859181852,-0.0018699186991869565
2017-05-11,-0.00835263992196078,-0.0028508593304553687
2017-05-10,-0.003565939133107876,-0.004329357948047674
2017-05-09,-0.008638242734620882,-0.0022971531708919635
2017-05-08,0.011887720171780636,0.00904530877394949
2017-05-05,0.0009841308894082967,-0.00016298590171937022
2017-05-04,0.0017819835320143085,0.001385605998858841
2017-05-03,0.014905232165858928,0.016197297737261973
2017-05-02,0.017224706877795315,0.00680816980376453
2017-05-01,0.0006535559384468481,-0.0011933174224343368
2017-04-28,0.02493765586034913,0.01019514137793709
2017-04-27,0.004171011470281538,-0.0018922967752108555
2017-04-26,0.005595938617745322,-0.0013429180819970465
2017-04-25,0.01308014457001927,0.0023730422401517792
2017-04-24,0.015459539045246107,0.008128156565656575
2017-04-21,0.0002788311398616017,0.009080234833659384
2017-04-20,0.004515805318615174,-0.004111395547281016
2017-04-19,0.007992007992007943,-0.0003115750116839955
2017-04-18,0.00605660169584854,0.0083372292348447
2017-04-17,0.013244308231173285,-0.001700023182134136
2017-04-13,-0.00021605271686275795,-0.00263178264571573
2017-04-12,-0.011345218800648316,-0.008071400853705946
2017-04-11,-0.0025136612021857685,-0.003051404428448423
2017-04-10,-0.018571272049961784,-0.01593156490346881
2017-04-07,0.013173318448227889,0.0027115399952148955
2017-04-06,0.005233871412043456,-0.0031814205042551835
2017-04-05,-0.003233585443384701,-0.0038298890927950247
2017-04-04,0.007477868807389765,0.007929515418502175
2017-04-03,-0.006057959941057733,-0.0034965034965035446
2017-03-31,0.0024159894575006557,-0.0022328548644338087
2017-03-30,-0.0027388255915863358,-0.002557544757033292
2017-03-29,0.002526639569372602,0.007051282051282026
2017-03-28,0.0,0.0015913430935710071
2017-03-27,-0.007889546351084742,0.0
2017-03-24,-0.01988071570576533,-0.005640292341912878
2017-03-23,-0.008733378408834813,-0.0012782615642726869
2017-03-22,-0.000852611834252337,-0.0003199744020476736
2017-03-21,0.0002844464671747371,-0.0025606145474914577
2017-03-20,-0.008246601831314315,-0.010028078620136327
2017-03-17,-0.001433650648010043,-0.003079416531604484
2017-03-16,-0.004766553724229183,-0.002519915460900801
2017-03-15,-0.02348528563185226,-0.021514139026974077
2017-03-14,0.0,0.0015824102606811774
2017-03-13,0.002895467706671484,0.00041576584067848366
2017-03-10,-0.0028871081781759456,-0.0014130163743660829
2017-03-09,0.006677303078650221,0.0014982520392874399
2017-03-08,0.015379196994599775,0.005152925531914931
2017-03-07,0.013758816048097922,0.005539937158921537
2017-03-06,0.013515054744525745,0.007729627497738756
2017-03-03,-0.0018567490012941779,0.00081599347205219
2017-03-02,0.00045095828635877133,0.005218100285364846
2017-03-01,0.04175118323191351,0.01386973801605973
2017-02-28,-0.0010817242684839634,0.0031200000000000117
2017-02-27,-0.0028155287238074145,0.0039078076401626305
2017-02-24,-0.0005972742574796852,-0.00039720368605022927
2017-02-23,-0.01200695425404763,-0.005483588969244058
2017-02-22,-0.00896343139950495,-0.01446380054339147
2017-02-21,0.002885362334923869,0.004540663261169309
2017-02-17,0.001604514772601373,0.00016143352974395953
2017-02-16,-0.0016019444290999996,0.0020175934145751917
2017-02-15,-0.006141418612371385,-0.006846005154639179
2017-02-14,-0.004119579134888474,-0.006244424620874045
2017-02-13,-0.003801218625971381,0.00032642402480820287
2017-02-10,0.00628472027383431,0.00823951705008974
2017-02-09,-0.010706518708526236,0.0007282142568167949
2017-02-08,-0.00202919790316225,0.0021830530401034665
2017-02-07,0.0028805422197120123,-0.0027430415490117266
2017-02-06,-0.0035480964181122676,-0.0032359841436776504
2017-02-03,-0.012095178884304447,-0.009171333495657796
2017-02-02,-0.0028605755478000594,-0.0011467889908255424
2017-02-01,0.0012048884043833752,-0.009102837461046565
2017-01-31,0.005329512893982757,0.0025655880162211986
2017-01-30,-0.022288092116513614,-0.012712563975565527
2017-01-27,-0.00093283582089565,-0.004096989966555276
2017-01-26,-0.01669000933706799,0.0011753840987323017
2017-01-25,0.007715133531157159,0.006708595387840743
2017-01-24,0.012073027090694799,0.008579758433985729
2017-01-23,5.819028222298073e-05,0.003964321110009772
2017-01-20,-0.008960782031886438,-0.008802237578150574
2017-01-19,-0.001761390324095835,-0.0028218109386671797
2017-01-18,0.01599811786848626,0.008822305451518853
2017-01-17,-0.007294199374782928,0.000660011550202233
2017-01-13,-0.02233496617681352,-0.013768653640036321
2017-01-12,0.003578884580972108,0.003009530178899711
2017-01-11,0.00017830609212476922,-0.0026671111851975793
2017-01-10,0.0011884953648679808,-0.009276282801270241
2017-01-09,-0.009793447293447222,-0.0005061155630534664
2017-01-06,-0.009830366241083577,-0.009705460376403074
2017-01-05,0.0071432895453718,0.00673257201295363
2017-01-04,-0.00510909418765404,-0.013544400237026966
2017-01-03,-0.008639439342677413,-0.0028318887840040885
2016-12-30,-0.025595709671521805,-0.008864027538726282
2016-12-29,0.014322346613296677,0.005557002691673141
2016-12-28,-0.011098779134295245,-0.014851912615490681
2016-12-27,-0.0030552437959845413,-0.0018406521167501078
2016-12-23,-0.014384889611607998,-0.004566210045662156
2016-12-22,0.0,0.0
2016-12-21,0.013960276667301263,-0.0003528581510231499
2016-12-20,0.008636335189936784,0.00035298270384731545
2016-12-19,-0.0017372960228329015,0.008027522935780018
2016-12-16,0.007831437628192939,-0.00463813774393973
2016-12-15,-0.015849522047486908,-0.0066819061016354375
2016-12-14,0.07914525629778169,0.030005310674455776
2016-12-13,-0.014168747459497144,-0.004038841625848666
2016-12-12,0.012369676621311276,0.005867126833477121
2016-12-09,-0.012800372374469182,-0.0033453422542458755
2016-12-08,0.0076029940472683855,0.00903692228246844
2016-12-07,0.010470285446888106,0.004350051177072656
2016-12-06,-0.02691751085383498,-0.0062845010615711905
2016-12-05,0.005294467578822237,0.005469617981369135
2016-12-02,-0.0039647316409254785,0.0011049723756906271
2016-12-01,-0.01936787072243351,-0.007131940906775269
2016-11-30,-0.001454016721192386,0.0038481272447408177
2016-11-29,0.015653440116490724,0.014396456256921208
2016-11-28,-0.0038829151732375777,0.00251931474638889
2016-11-25,-0.007256371814092888,-0.010722063997319453
2016-11-23,-0.004168176875679719,0.009652836579170376
2016-11-22,0.015165301789505703,0.01576652130157652
2016-11-21,-0.006812070510905377,-0.0011558784676354295
2016-11-18,0.006016485169364039,-0.0009092411968919523
2016-11-17,0.0030500568147839857,0.006784148258459632
2016-11-16,0.009241593131409376,0.005752321472594302
2016-11-15,0.0068529568145565545,0.0004902361304026659
2016-11-14,-0.008801267382502975,-0.002286647611269843
2016-11-11,0.02894690108328901,0.0021281820414176256
2016-11-10,0.07795420549994247,0.03438699665114764
2016-11-09,-0.019159950899290235,0.005606443461781296
2016-11-08,-0.0011970834693656451,0.0007852375343542217
2016-11-07,-0.011168010459795097,0.0038446449588074305
2016-11-04,0.01212054432262688,0.019618571205252344
2016-11-03,0.0024495128191170945,-0.0009198926791874618
2016-11-02,0.015041268462206547,0.0037596869485154727
2016-11-01,-0.014711389290108512,-0.015441064057483578
2016-10-31,-0.03377131067434036,-0.011568322981366563
2016-10-28,0.0,0.0029062917288509293
2016-10-27,-0.008822207237581536,-0.005717418546365871
2016-10-26,-0.0007370032314758523,-0.002284363922804289
2016-10-25,0.008737092930897639,0.005526606663508682
2016-10-24,-0.00989876265466827,-0.007773241206030068
2016-10-21,-0.006305385139740993,0.003165308221888097
2016-10-20,0.003201280512205029,-0.00015776603297312786
2016-10-19,0.006496096643683336,0.0018934911242605157
2016-10-18,-0.001415388099416992,-0.005512245058665988
2016-10-17,-0.00929810636126538,-0.0049885184891916845
2016-10-14,-0.0018885200869864782,-0.000875378004138061
2016-10-13,0.0009747147525944744,0.001672640382317736
2016-10-12,0.002692175506930905,-0.0030216284987276687
2016-10-11,0.0002285061411027023,0.0016749082788325431
2016-10-10,0.008567022674053515,0.0035830878254639043
2016-10-07,-0.015799309134152728,-0.0067438908283085075
2016-10-06,-0.0020138089758342526,0.0008786644300662338
2016-10-05,0.020178725857595836,0.01245011971268939
2016-10-04,0.004521051144390942,0.0008670975878921627
2016-10-03,0.06149085794655407,0.03386626762227296
2016-09-30,0.0183379266482937,0.00335187019120875
2016-09-29,-0.0013531799729366023,0.006757269759319895
2016-09-28,-0.0034917656868876934,-0.0017345399698340813
2016-09-27,0.002301134877882971,0.005061569842109259
2016-09-26,0.022488912079311252,0.010297654840649262
2016-09-23,0.010920596040008057,-0.0017855814299529982
2016-09-22,0.014588591620393832,0.0022359692926883223
2016-09-21,-0.01646848101895615,-0.009890681936491341
2016-09-20,-0.024838122217725633,-0.009914375844975232
2016-09-19,0.0006743787933807255,-0.00030344409042637466
2016-09-16,-0.022187662001036612,-0.00576718773713758
2016-09-15,0.009489979853674058,0.005953289574110787
2016-09-14,0.001312956252297548,0.006145675265553763
2016-09-13,-0.004772894157138219,-0.0018098182640825522
2016-09-12,0.0013175230566533358,0.0014353705522398563
2016-09-09,0.01936842105263148,0.006713940856970524
2016-09-08,0.016005782734407337,0.005320344698388935
2016-09-07,0.008639089338347228,0.005664877757901143
2016-09-06,0.0,0.0
2016-09-02,0.01461104393389756,0.0035576638007708272
2016-09-01,-0.05934055020359519,-0.027252584933530333
2016-08-31,-0.01694557356279358,-0.004327689621137165
2016-08-30,-0.002416496616904684,0.003888973615982838
2016-08-29,0.010281530925337679,0.00805165210786174
2016-08-26,-0.006234015345268573,-0.0009042272624518732
2016-08-25,-0.008685861347916934,-0.000980466098499222
2016-08-24,0.003623776299421122,0.003850218934017935
2016-08-23,0.019724078465186645,0.012333609084755892
2016-08-22,-0.0033294577740196063,-0.00200579451749483
2016-08-19,0.024285487035367703,0.002084263808247666
2016-08-18,0.021897810218977964,0.008171148417768448
2016-08-17,-0.004660587639310987,-0.006189213085764922
2016-08-16,0.011502442996742746,0.006005338078291844
2016-08-15,-0.001358558921203623,-0.0069275554572924
2016-08-12,-0.007255504610268693,-0.003191094619666046
2016-08-11,0.01608892046896404,0.0050625372245383105
2016-08-10,0.007492507492507627,0.0014074074074075238
2016-08-09,-0.01586514625681712,-0.0038464383460316
2016-08-08,-0.002267002518891781,-0.004009801737580809
2016-08-05,0.0006059075990911822,0.002311190635950311
2016-08-04,0.03158903971337734,0.017108003570365904
2016-08-03,0.0013696619869882909,-0.001974550241333972
2016-08-02,0.011235406184358476,0.005788818055250111
2016-08-01,-0.009709675861069522,-0.009471076788576394
2016-07-29,-0.007463414634146237,-0.007796410709032031
2016-07-28,-0.007617830638423362,-0.01237954040029654
2016-07-27,-0.009756339144215476,-0.004203257524581505
2016-07-26,-0.01560390097524389,-0.004447124444109551
2016-07-25,-0.0018289894833103393,-0.0009842519685039353
2016-07-22,0.0021377309512902176,0.002955665024630516
2016-07-21,0.0063995124181015495,0.005742783738854396
2016-07-20,-0.010194297249558448,-0.008790383170548477
2016-07-19,0.02008871666751655,0.009853710300917085
2016-07-18,0.0033988104163542587,-0.0022517451024544055
2016-07-15,0.004483188044831943,-0.001429323704205121
2016-07-14,0.007785767418794887,0.0
2016-07-13,0.004477905717941155,0.0036160916076539706
2016-07-12,-0.011855190319894238,0.0023269779312415917
2016-07-11,0.00659362451043588,0.01595147157942023
2016-07-08,-0.010096532702915773,0.0013268465280851238
2016-07-07,-0.012985720682620938,0.002723792697290728
2016-07-06,0.018399032160499873,0.003670802437412801
2016-07-05,-0.01465128941246352,-0.006144393241167334
2016-07-01,-0.016024513990053668,-0.014499153602708481
2016-06-30,-0.05135797426996125,-0.013741598207617667
2016-06-29,-0.01183941448713799,0.00477055883689248
2016-06-28,-0.028264894891624093,-0.0067827266561157895
2016-06-27,-0.005548394328308004,0.005159723803019878
2016-06-24,0.0025360685302073804,-0.0017362421680380269
2016-06-23,-0.0245095283602228,-0.04484271022383557
2016-06-22,-0.002362703855240955,0.0054627503760589224
2016-06-21,0.0004043438077634409,0.0019685039370078705
2016-06-20,0.011259310583751736,0.015402750491159134
2016-06-17,-0.00588100947813186,0.002089621546319975
2016-06-16,0.01125725116305798,0.002780352177942591
2016-06-15,-0.0059067416368489,-0.0077788046826864354
2016-06-14,-0.00451351196937666,-0.00015524334394168005
2016-06-13,0.0010904499540862478,-0.0009316046890768259
2016-06-10,-0.006478243421429775,-0.008547672701841647
2016-06-09,-0.003577611079053522,-0.0025080335449486624
2016-06-08,-0.016388695853602142,-0.008171603677221695
2016-06-07,-0.03479540771268752,-0.012120731997148027
2016-06-06,0.0032328900817371053,0.00032076984763440564
2016-06-03,-0.004985711679941662,-0.003607503607503615
2016-06-02,-0.020776046440574403,-0.02437846970794122
2016-06-01,-0.006115444617784682,0.0017318159327066596
2016-05-31,0.0042066930369812905,0.002305095908454735
2016-05-27,0.01719394773039884,-0.0006570841889116386
2016-05-26,0.00454852787509985,0.004931371743239987
2016-05-25,-0.005017438658753037,0.00318966222294903
2016-05-24,-0.000430477830391629,0.004565465514430267
2016-05-23,0.010397440629998478,0.015663041714007342
2016-05-20,0.006637033428728012,0.0011186576108670465
2016-05-19,-0.0023590612146141554,0.0015164817623112281
2016-05-18,0.03874370945249517,0.015620019126554086
2016-05-17,0.006887695540508831,0.0019617074701820947
2016-05-16,-0.0055652173913043335,-0.002114496045109271
2016-05-13,-0.0012824997085226775,-0.0011772092293204084
2016-05-12,-0.0016927387345320177,-0.0011785966842147166
2016-05-11,0.012629363269602178,0.0033826305852737715
2016-05-10,-0.013106992320572997,-0.008388867110936893
2016-05-09,-0.00017552071144377734,0.0014231499051233776
2016-05-06,0.02563052255837084,0.02163271751144813
2016-05-05,-0.011410965938266626,-0.01676970633693975
2016-05-04,-0.0015005482772553203,0.0016505541145956926
2016-05-03,0.011444425177735695,0.013653483992466908
2016-05-02,0.010457740442310959,0.003096454559529338
2016-04-29,0.007747992308562379,-0.0040901373668775776
2016-04-28,-0.012963690442785891,-0.018674932196822813
2016-04-27,-0.014384807823516033,-0.012634238787113117
2016-04-26,-0.010152869916354113,-0.005598208573256547
2016-04-25,-0.005827845445538826,-0.0025735885475309805
2016-04-22,-0.006389589073216628,-0.00822447992259312
2016-04-21,0.011268436578171004,0.016504065040650273
2016-04-20,-0.00035003792077459295,0.003279212988882785
2016-04-19,-0.009512693317770604,-7.971938775519494e-05
2016-04-18,-0.0423638934716003,-0.015387068484413624
2016-04-15,0.003691626161324013,-0.00032388663967619635
2016-04-14,-0.008582112425672861,-0.006560829418435055
2016-04-13,0.00939838001607618,0.017774154097023986
2016-04-12,-0.006309341500765564,0.010093727469358438
2016-04-11,-0.015164591295771301,-0.0022999444840987593
2016-04-08,-0.03705558337506254,-0.011287758346581911
2016-04-07,-0.014690587623504947,-0.005065123010130179
2016-04-06,-0.006861063464836947,-0.01107070707070712
2016-04-05,0.004118506709180236,0.004739336492890933
2016-04-04,-0.01137867160624495,-0.008376707872478795
2016-04-01,0.006825481798715005,0.003444599360288736
2016-03-31,0.027781470158181554,0.0098896608091541
2016-03-30,-0.01636057941024327,-0.0056652638394302235
2016-03-29,0.0014463217408453577,0.007244017580986473
2016-03-28,-0.0028228188800629717,-0.012525252525252495
2016-03-24,0.0005924950625413317,0.0012274959083469206
2016-03-23,0.004802947562339455,0.0017163874131589374
2016-03-22,0.04013881613410164,0.01876631853785904
2016-03-21,-0.0023921938936102283,-0.0035239468204387725
2016-03-18,-0.002271723354578259,0.008117665970101218
2016-03-17,0.01404085763076357,0.008530654548353667
2016-03-16,0.0,-0.02782608695652178
2016-03-15,-0.04815068920351784,0.0009757684176290304
2016-03-14,0.01703689142258047,0.011454102355808127
2016-03-11,0.005412022421235729,0.011485021283431207
2016-03-10,-0.0035885933995514208,0.01063998729553739
2016-03-09,-0.011769245610650292,-0.012099308610936443
2016-03-08,0.0015618898867630904,0.004374105296643949
2016-03-07,0.015789473684210353,0.0008710111647793894
2016-03-04,0.003902002174886565,0.005300632911392489
2016-03-03,-0.03491780298203151,-0.009837097662705574
2016-03-02,-0.008186980060742033,-0.013034493721189033
2016-03-01,-0.017707362534948867,-0.008858109196327901
2016-02-29,0.010978584982380024,0.0029249268768281045
2016-02-26,-0.013674755329132537,-0.011341542449773145
2016-02-25,0.03296180508359403,0.01507702392658139
2016-02-24,0.008750575695769314,0.0002421698417822693
2016-02-23,-0.0033915992695018327,-0.013316116536195577
2016-02-22,-0.0038612565445026448,-0.010224112547030928
2016-02-19,0.009986203271795668,0.01710602429551278
2016-02-18,0.003837897612697594,-0.003656158596035075
2016-02-17,-0.0035640228097459925,-0.012150371034820084
2016-02-16,-0.002796384210184022,-0.002641571735182424
2016-02-12,0.029737837485326546,0.02582353914914748
2016-02-11,0.0002533248891705142,0.00677747297079212
2016-02-10,-0.032417373686210005,-0.04263503766629273
2016-02-09,0.010927889019761938,0.0033484011384563583
2016-02-08,-0.0014887694996441603,-0.0005840146837976512
2016-02-05,-0.04200700116686118,-0.0335587277736038
2016-02-04,0.004872107186358221,-0.00017275632720048506
2016-02-03,-0.007811447811447714,-0.013995680345572414
2016-02-02,-0.030202253291706227,-0.01235433277841047
2016-02-01,0.003779130799915986,0.0007097232079489313
2016-01-29,-0.006972042111134336,-0.010283687943262287
2016-01-28,-0.0007723092045214264,-0.00026872088857055054
2016-01-27,0.015949971894322568,0.0001791954125975881
2016-01-26,0.00726191299536616,0.003852011108125053
2016-01-25,-0.021285361164515182,-0.013653399964304813
2016-01-22,-0.013820681913848776,-0.00814258572333304
2016-01-21,0.0026321405705342915,0.0017331022530329143
2016-01-20,0.004682843763303524,0.007284647605172001
2016-01-19,-0.00275423728813573,-0.015458325800036254
2016-01-15,-0.015933715742511123,0.0014691029290241353
2016-01-14,-0.010650546919976911,-0.015678004950949065
2016-01-13,0.029677043933663105,0.012574515648286155
2016-01-12,-0.028609776773099727,-0.0017477692944529721
2016-01-11,0.008363028143407725,0.010136380390711297
2016-01-08,0.0037501802971295906,0.0015508118956395478
2016-01-07,0.030607845954878643,0.00901721468257577
2016-01-06,-0.025655326268823386,-0.014352771258349772
2016-01-05,-0.00035775615340594147,-0.01236376957596852
2016-01-04,-0.009304988905590061,-0.0029673590504450953
2015-12-31,-0.002745466368036964,-0.013950892857142905
2015-12-30,0.0019560965007607845,-0.0003772873042823255
2015-12-29,0.007086044830079574,0.007737308926212494
2015-12-28,-0.0031591039632393736,0.0002808988764044784
2015-12-24,0.03565254969749354,0.007114106524384711
2015-12-23,-0.006398219625843304,-0.007063853517985108
2015-12-22,0.001889829915307617,0.005429186558082888
2015-12-21,6.986167388567388e-05,0.006051578065356944
2015-12-18,-0.015298637792525382,-0.01443642420877278
2015-12-17,-0.027880249716231487,-0.014460093896713655
2015-12-16,0.03977231263227021,0.02591463414634143
2015-12-15,-0.033548568220101105,-0.01411589895988119
2015-12-14,-0.005446623093681824,0.0016955538809346749
2015-12-11,0.013800657174151132,0.011566672935866107
2015-12-10,0.016277729760875825,-0.003439620712094471
2015-12-09,0.005598866052445084,0.004197761194029814
2015-12-08,-0.005144830502501918,-0.001114723641430615
2015-12-07,0.01530178520827441,-9.299730307810172e-05
2015-12-04,0.013675690761931092,0.008277529761904656
2015-12-03,-0.03104350220264307,-0.021123512591089244
2015-12-02,-0.004830574696313095,-0.0069732378439503195
2015-12-01,0.005282318509529649,0.00920478269121272
2015-11-30,0.00021302279343871078,0.001692524682651575
2015-11-27,-0.00269771404231145,-0.008542194686942506
2015-11-25,0.009040432801822318,0.012781670138231505
2015-11-24,0.0009171075837741682,0.003365429559689437
2015-11-23,-0.008951226388497213,-0.0062424298891270436
2015-11-20,0.00462271531185543,0.009094318394899714
2015-11-19,0.008990513945915435,0.0014865743751744098
2015-11-18,-0.012067634883884182,-0.00853511457463596
2015-11-17,0.006391591506285099,-9.357162908218974e-05
2015-11-16,0.0035988991602569076,0.014037057832678279
2015-11-13,-0.0012656447756996814,-0.002491694352159346
2015-11-12,0.0014784567727399445,9.251549634559098e-05
2015-11-11,0.002671353251318065,0.0036077705827937123
2015-11-10,0.006520367384140746,0.0033182781823208884
2015-11-09,0.003970465310671578,-0.0003674781809830385
2015-11-06,0.019288142648997253,-0.00036761327083900674
2015-11-05,0.01987611462800354,0.015169623977199675
2015-11-04,0.005005673096175833,0.001811266074986495
2015-11-03,0.012020188604064286,0.007141565720484522
2015-11-02,0.011089966533236906,0.019567363791401338
2015-10-30,0.010319314641744626,0.004841975526014508
2015-10-29,-0.0010920537033467514,0.005169090590502856
2015-10-28,0.04778135048231502,0.025102414364159387
2015-10-27,-0.026391701957895974,-0.008757758693988538
2015-10-26,0.002647670680199221,0.0003431120260766196
2015-10-23,-0.004904118201823238,-0.00291545189504383
2015-10-22,0.00063183168004044,0.0028379772961815153
2015-10-21,-0.008019195554713532,0.0008575593859874164
2015-10-20,0.013176320814767495,0.008910975923228648
2015-10-19,-0.0047747691147829174,-0.003991507430997965
2015-10-16,0.017233760494918426,0.008782401091405045
2015-10-15,0.0031028918952464846,0.003719043191615423
2015-10-14,-0.0029076961148231106,-0.00648421052631587
2015-10-13,-0.013029720171247816,-0.012205458552296933
2015-10-12,-0.00270321242220406,-0.0007722670327785508
2015-10-09,-0.002899646999495742,-0.007385143838557262
2015-10-08,-0.003287394107978292,-0.010035470196383844
2015-10-07,0.020804262336673984,0.0038451455038015503
2015-10-06,-0.006834845283956725,-0.0020022634282231833
2015-10-05,-0.01726726726726735,-0.007676203768318346
2015-10-02,-0.02832951362363134,-0.0008790436005625679
2015-10-01,-0.04926947520146763,-0.02014780925567472
2015-09-30,0.00048239266763139277,0.0013468618119780729
2015-09-29,0.00378840060614416,0.010401721664275332
2015-09-28,-0.002401701777259291,0.004348597799077147
2015-09-25,0.0394139496491952,0.01228240699832095
2015-09-24,0.0012573621864868656,0.007157821229050398
2015-09-23,-0.022538003965631104,-0.019327439764257215
2015-09-22,-0.0022313881939280966,-0.00592134334953609
2015-09-21,0.031512605042016695,0.007112375533428139
2015-09-18,-0.0038105249326586543,0.004413841807909602
2015-09-17,-0.011805051770757635,-0.018280892951309524
2015-09-16,-0.006607047517351972,0.001790510295434089
2015-09-15,-0.03755458515283849,-0.01465594280607696
2015-09-14,0.00258271673879662,0.00462543079992761
2015-09-11,0.00988651395947926,-0.003972194637537285
2015-09-10,0.009651844191657988,0.005438230762258689
2015-09-09,-0.004711505633322011,-0.006580726584332397
2015-09-08,0.012280461031833223,0.01724137931034475
2015-09-04,-0.013961369027448267,0.0003568242640499264
2015-09-03,0.010859852910853007,0.002764401640806158
2015-09-02,-0.002719793295709594,0.008092485549132888
2015-09-01,-0.003204472625622179,0.005469301340861099
2015-08-31,-0.0023255813953488857,-0.006404632391647569
2015-08-28,-0.002536679007267062,0.0013245033112583293
2015-08-27,-0.007698123582376759,-0.010052910052910091
2015-08-26,-0.0248666620489022,0.0017815784785319977
2015-08-25,0.04070180423355585,0.012182109194380342
2015-08-24,0.010033444816053505,0.013441096371782368
2015-08-21,0.0371671847546966,0.005201109570041718
2015-08-20,0.013943184779775963,-0.0055191445325972754
2015-08-19,-0.02184809150494793,-0.021938952480055507
2015-08-18,-0.028379976350019875,-0.009752637645181306
2015-08-17,0.03434753211629493,0.0013430029546064315
2015-08-14,-0.005556281866910817,-0.005096566523605239
2015-08-13,0.012226385328337752,0.0026062730295675074
2015-08-12,0.005000324696408764,0.007171029042667643
2015-08-11,-0.012406306539157308,-0.014150943396226245
2015-08-10,0.0005234231876471984,-0.003249977430712425
2015-08-07,-0.030800418519487338,-0.009057150620414789
2015-08-06,-0.009715943593549659,-0.0036559729458002233
2015-08-05,-0.008448593036724183,-0.004128061645720549
2015-08-04,0.0002748574177147134,0.004697862932940389
2015-08-03,-0.002885209864669891,-0.0011918951132300348
2015-07-31,0.01584567688597982,0.005232237929135186
2015-07-30,-0.0033231603933536746,-0.005844215140169751
2015-07-29,0.0031981491562329545,0.004225222742720636
2015-07-28,-0.006850708810961059,0.0031098509100888627
2015-07-27,-0.002526977188908708,0.00018236527765114197
2015-07-24,-0.008010955152345178,-0.010392925517367257
2015-07-23,0.01470182219768068,0.007922616305849672
2015-07-22,0.0019726549214340583,-0.0023763824147700063
2015-07-21,0.00373387644263401,0.010994044892350008
2015-07-20,-0.0018261751775449087,0.002990484821024042
2015-07-17,0.005149749288521743,0.02267799060354192
2015-07-16,0.010111905082917705,0.010601643254704474
2015-07-15,0.004271222637479921,0.003059708016434959
2015-07-14,0.017743221690590172,0.0053163674394280935
2015-07-13,0.00927195559908589,0.0016471608149111194
2015-07-10,0.0015526945720385488,0.0021637528128786165
2015-07-09,-0.007751437245656079,0.0011227221694445344
2015-07-08,-0.012889785821235455,0.003709454796411382
2015-07-07,-0.012794301919145212,-0.009368285345939031
2015-07-06,0.052374908143496546,0.017872635779975887
2015-07-02,-0.01212467466514311,-0.008267984998295286
2015-07-01,0.0009638863899241734,0.004984959174903381
2015-06-30,0.0002567888553637321,0.002138031300778165
2015-06-29,0.0073166035556127,0.006144393241167556
2015-06-26,0.0046511627906975495,-0.0049194232400339155
2015-06-25,0.004629629629629761,-0.0011933174224344478
2015-06-24,0.0030932390631905893,0.0009387267451783643
2015-06-23,-0.009628697293895594,0.003154574132491872
2015-06-22,0.025735527737179797,0.006374298827128921
2015-06-19,-0.0020443563375045493,0.015032514145764786
2015-06-18,0.002731392389347276,8.320159747055023e-05
2015-06-17,-0.012753048969231573,-0.020965058236272927
2015-06-16,0.0011287389477643295,0.003484024473147551
2015-06-15,0.007391168180394425,0.004149377593360981
2015-06-12,-0.01604178324939376,-0.0055658627087197265
2015-06-11,0.00853080568720399,0.0010176390773406485
2015-06-10,-6.265664160398643e-05,0.005252456794306859
2015-06-09,-0.0001253211354095285,-0.00758469576942522
2015-06-08,0.00012533684276494483,-0.0033967391304348116
2015-06-05,0.001566514192618662,-0.004686434901158831
2015-06-04,0.0074449449449447425,0.0060782467254516526
2015-06-03,0.023411786623610764,0.008253914227365655
2015-06-02,0.01935679611650487,0.00801755422398509
2015-06-01,-0.007083754985415802,-0.004772270596115291
2015-05-29,0.0012589928057553657,0.0009253806679565546
2015-05-28,-0.0019160529309621976,-0.0008404773911582231
2015-05-27,-0.001319815225868326,-0.0019347240915208452
2015-05-26,0.0059470174806268705,0.0010956595027391547
2015-05-22,0.01821330466977189,0.013638659707021494
2015-05-21,0.004750454518796632,8.305647840534114e-05
2015-05-20,-0.0011090357226244407,0.0038202807075824463
2015-05-19,-0.002454274528136624,-0.0016546703069413304
2015-05-18,0.03872063733817588,0.01731996353691878
2015-05-15,-0.009530791788856297,-0.0018735744542195398
2015-05-14,-0.005579912315663571,-8.161266628570196e-05
2015-05-13,-0.013970798740337798,-0.005713352921971948
2015-05-12,-0.04035770280471518,-0.021178788376292834
2015-05-11,-0.012828270603896907,-0.00788326065078837
2015-05-08,0.009255853867843555,0.004987320371935944
2015-05-07,-0.010203461888855125,-0.005635461350828486
2015-05-06,0.01282444621709522,0.006851632549483844
2015-05-05,0.004422634193626651,0.0024363605813662037
2015-05-04,-0.008323783099101423,-0.005363727790814732
2015-05-01,-0.01861200656894335,-0.010364004044489339
2015-04-30,0.0011155872327237581,0.006726266496381417
2015-04-29,0.03398749458304984,0.02334235453315281
2015-04-28,-0.004310860974733766,0.0032231404958678045
2015-04-27,-0.011485267588695058,-0.008814564626410726
2015-04-24,-0.04617069164791043,-0.0234375
2015-04-23,0.009502551020408312,0.0164255319148936
2015-04-22,-0.0020847810979848225,-0.006196098132797312
2015-04-21,0.013421119270701443,0.013649001600808619
2015-04-20,-0.0074337831084456685,-0.007813149364142569
2015-04-17,0.021398451759078396,0.00787467537907327
2015-04-16,0.0033889950089347476,-0.004239049123098582
2015-04-15,-0.0003070498648982678,0.0027545909849748806
2015-04-14,-0.007248602494010825,-0.007242154332806172
2015-04-13,0.008044056679661127,0.005617977528090012
2015-04-10,0.0055859063286478605,0.004419244559326296
2015-04-09,-0.012574777194481968,-0.009131661962477167
2015-04-08,0.01718595450049465,0.007959115281501283
2015-04-07,0.02345934119363058,0.006233895769262698
2015-04-06,0.016033254156769594,0.006608293408227217
2015-04-02,-0.02390414962010512,-0.014524864598719711
2015-04-01,0.02143584216513994,0.006078774252643804
2015-03-31,-0.027023858373878995,-0.02069193842079131
2015-03-30,0.0045788649234848045,0.00177484787018245
2015-03-27,0.023689576586302108,0.012992491352400215
2015-03-26,0.0041595875563886775,0.004164237528108572
2015-03-25,-0.008168028004667427,-0.00721572530480219
2015-03-24,-0.0010000000000000009,-0.004678362573099393
2015-03-23,-0.005417181887770295,-0.0031055900621118626
2015-03-20,-0.00047362500740033564,-0.0026100867222363933
2015-03-19,-0.045548776876147556,-0.013169002194833634
2015-03-18,-0.03555914111952352,-0.015141146278870865
2015-03-17,0.002380799176372239,-0.002692608355771675
2015-03-16,0.002503530620105332,0.004354642048423729
2015-03-13,-0.007876032528654653,-0.0006937218175511184
2015-03-12,0.001419904479152967,-0.00043387712599796124
2015-03-11,-0.009731889662283999,-0.0011285701883845256
2015-03-10,0.017442238854539438,0.008256561793846595
2015-03-09,0.00914731657391421,0.005516765796052203
2015-03-06,0.0019650101419879107,-0.0018859837119589162
2015-03-05,0.022205352059214256,0.02739843682899612
2015-03-04,0.0,0.0039291088446749
2015-03-03,0.008540660972892633,0.0029144808060621585
2015-03-02,0.00951153657339221,0.003155097974094856
2015-02-27,0.006504163880615144,0.004055619930474874
2015-02-26,0.003985988645971883,-0.0024730030500370592
2015-02-25,-0.00902309913378263,-0.007106850673498033
2015-02-24,-0.014629112540973654,-0.003495630461922583
2015-02-23,0.0040657919053779246,0.002923243965589295
2015-02-20,-0.0015951898889502436,0.0034143904063959063
2015-02-19,0.006636760277760834,0.002240849863059058
2015-02-18,-0.007081374763445392,-0.006127856906260276
2015-02-17,0.0069474331386412125,0.0069988335277453295
2015-02-13,0.05592868482110158,0.01530696673837495
2015-02-12,-0.028911761304498684,-0.005215548855023955
2015-02-11,-0.0019649874955341984,-0.0009011223068732255
2015-02-10,0.006682178867609467,0.010331256149557433
2015-02-09,0.011675457832039271,0.007547476059081237
2015-02-06,-0.022026947861745638,-0.005557792992348043
2015-02-05,0.03007068407811153,0.022760408229386186
2015-02-04,0.011572458711328393,0.0014255167498218313
2015-02-03,-0.004254096004599139,-0.0033214709371293116
2015-02-02,-0.004041337105248011,0.013171467111005475
2015-01-30,-0.002492609124108758,0.0018012373717597452
