Date,Close/Last,Volume,Open,High,Low
07/31/2020,24.216,137357,23.625,24.67,23.41
07/30/2020,23.362,151041,24.45,24.58,23
07/29/2020,24.321,137360,24.58,25.12,23.435
07/28/2020,24.3,250138,24.7,26.275,22.46
07/27/2020,24.501,183880,22.97,24.82,22.94
07/24/2020,22.85,110586,22.835,23.185,22.58
07/23/2020,22.988,179598,23.405,23.67,22.475
07/22/2020,23.144,198641,21.7,23.42,21.68
07/21/2020,21.557,139272,20.34,21.725,20.315
07/20/2020,20.192,76261,19.765,20.34,19.655
07/17/2020,19.764,53671,19.535,19.79,19.355
07/16/2020,19.573,52546,19.82,19.87,19.475
07/15/2020,19.761,54929,19.645,19.845,19.525
07/14/2020,19.53,71583,19.495,19.685,19.495
07/13/2020,19.788,83442,19.08,19.81,19.08
7/10/2020,19.053,60338,19.025,19.195,18.91
7/09/2020,18.962,100545,19.15,19.445,18.83
7/08/2020,19.161,80426,18.625,19.215,18.585
7/07/2020,18.699,68464,18.585,18.72,18.235
7/06/2020,18.582,51126,18.335,18.78,18.245
7/02/2020,18.322,48212,18.285,18.4,17.995
7/01/2020,18.218,84985,18.58,18.85,18.095
06/30/2020,18.637,71444,18.605,18.655,18.52
06/29/2020,18.064,48885,18.11,18.285,17.935
06/26/2020,18.168,35638,18.075,18.255,17.68
06/25/2020,18.051,23263,17.72,18.085,17.65
06/24/2020,17.811,24838,18.275,18.425,17.595
06/23/2020,18.239,30579,17.935,18.31,17.905
06/22/2020,18.074,18925,18.08,18.36,17.95
06/19/2020,18.022,13110,17.66,18.205,17.64
06/18/2020,17.67,10696,17.86,18.07,17.565
06/17/2020,17.775,42829,17.63,17.815,17.515
06/16/2020,17.652,64317,17.52,17.79,17.465
06/15/2020,17.399,73661,17.56,17.63,17.015
6/12/2020,17.482,59673,17.755,17.87,17.47
6/11/2020,17.889,87756,18.335,18.39,17.6
6/10/2020,17.796,85513,17.74,18.405,17.685
6/09/2020,17.794,52027,17.945,17.99,17.685
6/08/2020,17.893,57640,17.545,17.98,17.495
6/05/2020,17.479,82974,18.02,18.05,17.375
6/04/2020,18.061,54247,17.965,18.13,17.785
6/03/2020,17.958,70257,18.395,18.405,17.675
6/02/2020,18.26,75982,18.85,18.9,18.115
6/01/2020,18.827,60748,18.635,18.95,18.455
05/29/2020,18.44,25,17.865,17.865,17.865
05/28/2020,17.967,58267,17.8,18.11,17.685
05/27/2020,17.757,63867,17.56,17.86,17.225
05/26/2020,17.595,75619,17.625,18.04,17.37
05/22/2020,17.664,52,17.385,17.69,17.385
05/21/2020,17.364,72242,18.055,18.06,17.26
05/20/2020,18.002,25,18.025,18.04,17.93
05/19/2020,17.901,64725,17.37,18.01,17.34
05/18/2020,17.468,89571,17.225,17.985,17.125
05/15/2020,17.046,57,16.54,16.975,16.505
05/14/2020,16.156,50350,15.755,16.225,15.66
05/13/2020,15.671,41549,15.625,15.91,15.545
5/12/2020,15.709,34576,15.7,15.88,15.525
5/11/2020,15.68,36366,15.755,15.92,15.51
5/08/2020,15.74,59,15.555,15.8,15.5
5/07/2020,15.59,46748,14.92,15.695,14.92
5/06/2020,15.015,37692,15.115,15.39,14.84
5/05/2020,15.11,31059,14.845,15.2,14.76
5/04/2020,14.796,35583,15.075,15.225,14.76
5/01/2020,14.863,102,15.005,15.045,14.855
04/30/2020,14.973,62704,15.53,15.94,14.85
04/29/2020,15.16,5284,15.215,15.47,15.125
04/28/2020,15.328,30711,15.435,15.505,15.085
04/27/2020,15.341,19163,15.49,15.635,15.3
04/24/2020,15.254,10,15.254,15.254,15.254
04/23/2020,15.526,17047,15.45,15.885,15.355
04/22/2020,15.503,14340,15.075,15.535,14.895
04/21/2020,14.991,17834,15.675,15.71,14.715
04/20/2020,15.75,10315,15.425,15.805,15.325
04/17/2020,15.237, N/A,15.237,15.237,15.237
04/16/2020,15.766,8791,15.79,16.045,15.585
04/15/2020,15.654,9633,16.25,16.255,15.625
04/14/2020,16.341,16859,15.835,16.505,15.835
04/13/2020,15.479, N/A,15.479,15.479,15.479
4/09/2020,15.995,15,15.14,15.865,15.14
4/08/2020,15.205,38856,15.305,15.445,15.11
4/07/2020,15.48,63736,15.28,15.93,15.205
4/06/2020,15.111,28,14.55,15.025,14.55
4/03/2020,14.436,6,14.59,14.59,14.55
4/02/2020,14.654,53256,14.055,14.72,13.99
4/01/2020,13.984,42181,14.145,14.265,13.895
03/31/2020,14.098,27,13.98,14.245,13.98
03/30/2020,14.132,57586,14.7,14.71,13.945
03/27/2020,14.498,80,14.335,14.45,14.335
03/26/2020,14.676,49336,14.77,14.98,14.4
03/25/2020,14.873,73082,14.415,14.93,14.205
03/24/2020,14.229,176,13.36,14.075,13.36
03/23/2020,13.261,71470,12.615,13.33,12.29
03/20/2020,12.349,95,12.08,12.86,12.08
03/19/2020,12.134,71565,11.975,12.33,11.76
03/18/2020,11.772,109368,12.61,12.905,11.64
03/17/2020,12.469,194,12.55,12.71,12.415
03/16/2020,12.816,134597,15.1,15.245,11.77
03/13/2020,14.5,153960,15.825,15.89,14.425
3/12/2020,16.005,136523,16.72,16.91,15.505
3/11/2020,16.776,54867,16.875,17.11,16.66
3/10/2020,16.906,97,16.85,17.145,16.765
3/09/2020,17.054,124720,17.49,17.615,16.55
3/06/2020,17.263,91903,17.45,17.575,17.015
3/05/2020,17.342,66,17.155,17.405,17.12
3/04/2020,17.246,63170,17.205,17.335,17.075
3/03/2020,17.129,307,16.875,17.32,16.74
3/02/2020,16.679,458,16.495,16.975,16.39
02/28/2020,16.387,709,17.69,17.795,16.34
02/27/2020,17.735,116172,18.04,18.05,17.63
02/26/2020,17.914,120846,17.93,17.965,17.915
02/25/2020,18.268,109636,18.24,18.315,17.9
02/24/2020,18.96,66356,18.955,18.955,18.595
02/21/2020,18.521,11,18.565,18.565,18.48
02/20/2020,18.319,96518,18.425,18.44,18.205
02/19/2020,18.311,91746,18.155,18.45,18.135
02/18/2020,18.131, N/A,18.131,18.131,18.131
02/14/2020,17.715, N/A,17.715,17.715,17.715
02/13/2020,17.619,65730,17.455,17.715,17.44
2/12/2020,17.497,67787,17.62,17.65,17.435
2/11/2020,17.573,7,17.695,17.715,17.695
2/10/2020,17.785,52976,17.705,17.825,17.665
2/07/2020,17.665,7,17.665,17.665,17.665
2/06/2020,17.818,58118,17.61,17.875,17.575
2/05/2020,17.602,57682,17.565,17.71,17.465
2/04/2020,17.561,57771,17.65,17.77,17.51
2/03/2020,17.67,80029,18.1,18.125,17.58
01/31/2020,17.972,1,17.972,17.972,17.972
01/30/2020,17.992,91784,17.54,18.04,17.52
01/29/2020,17.487,57355,17.44,17.575,17.28
01/28/2020,17.458,103394,18.095,18.115,17.42
01/27/2020,18.056,66431,18.26,18.375,18.04
01/24/2020,18.057,280,18.05,18.05,18.05
01/23/2020,17.829,67947,17.835,17.91,17.59
01/22/2020,17.828,56750,17.85,17.855,17.795
01/21/2020,17.751,175,17.751,17.751,17.751
01/17/2020,18.013,67,18.013,18.013,18.013
01/16/2020,17.939,57366,18.01,18.055,17.875
01/15/2020,17.988,72239,17.8,18.055,17.755
01/14/2020,17.742,81365,17.975,17.985,17.69
01/13/2020,17.996,57954,18.13,18.13,17.935
1/10/2020,18.033,2,18.033,18.033,18.033
1/09/2020,17.936,99154,18.12,18.225,17.815
1/08/2020,18.167,177941,18.115,18.19,18.115
1/07/2020,18.393,108230,18.185,18.47,17.975
1/06/2020,18.179,132871,18.17,18.55,18.045
1/03/2020,18.068,83,18.11,18.11,17.965
1/02/2020,18.046,86726,17.905,18.15,17.83
12/31/2019,17.828,232,18.065,18.065,17.8
12/30/2019,18.001,61599,17.86,18.02,17.83
12/27/2019,17.943,68954,17.995,18.05,17.815
12/26/2019,17.99,86611,17.83,18.135,17.81
12/24/2019,17.757,3,17.52,17.52,17.515
12/23/2019,17.499,62712,17.23,17.52,17.23
12/20/2019,17.128,1,17.18,17.18,17.18
12/19/2019,17.058,987,16.985,17.075,16.975
12/18/2019,17.049,45580,17.06,17.125,16.935
12/17/2019,17.072,43506,17.105,17.17,17.015
12/16/2019,17.113,47667,17.005,17.14,16.955
12/13/2019,16.912,23,16.88,16.89,16.825
12/12/2019,16.949,111614,16.92,17.03,16.905
12/11/2019,16.849,60730,16.915,16.93,16.91
12/10/2019,16.596,188,16.555,16.61,16.555
12/09/2019,16.642,51185,16.6,16.73,16.565
12/06/2019,16.481,159,16.82,16.825,16.465
12/05/2019,17.059,64624,16.92,17.075,16.87
12/04/2019,16.916,107672,17.25,17.415,16.865
12/03/2019,17.125,381,16.86,17.16,16.81
12/02/2019,16.966,70903,17.07,17.1,16.895
11/29/2019,17.106,66535,17.01,17.125,16.935
11/27/2019,16.912,26852,17.06,17.065,16.875
11/26/2019,17.188,54963,16.82,17.225,16.82
11/25/2019,17.03,32707,17.1,17.115,16.965
11/22/2019,17.147,25048,17.22,17.355,17.1
11/21/2019,17.211,29371,17.28,17.31,17.155
11/20/2019,17.1, N/A,17.1,17.1,17.1
11/19/2019,17.103, N/A,17.103,17.103,17.103
11/18/2019,17,91331,16.95,17.03,16.705
11/15/2019,16.933,7,16.96,16.97,16.8
11/14/2019,17.028,75957,16.93,17.08,16.845
11/13/2019,16.913,94525,16.9,16.98,16.895
11/12/2019,16.677,28,16.8,16.805,16.675
11/11/2019,16.802,84789,16.755,16.91,16.63
11/08/2019,16.783,31,16.845,16.875,16.765
11/07/2019,16.97,5,17.54,17.565,17.5
11/06/2019,17.598,98652,17.59,17.63,17.54
11/05/2019,17.568,138072,18.06,18.085,17.52
11/04/2019,18.066,75493,18.125,18.23,17.96
11/01/2019,18.004,13,18.03,18.03,18.03
10/31/2019,18.067,99909,17.895,18.185,17.795
10/30/2019,17.815,29,17.79,17.82,17.715
10/29/2019,17.831,76751,17.9,17.9,17.805
10/28/2019,17.876,80882,18.065,18.145,17.785
10/25/2019,17.861,18,17.88,17.945,17.88
10/24/2019,17.804,72102,17.575,17.86,17.485
10/23/2019,17.58,47452,17.55,17.63,17.515
10/22/2019,17.5,55445,17.58,17.68,17.44
10/21/2019,17.602,74730,17.615,17.895,17.53
10/18/2019,17.502,30,17.47,17.47,17.465
10/17/2019,17.612,61036,17.415,17.665,17.33
10/16/2019,17.427,78063,17.43,17.49,17.18
10/15/2019,17.308,23,17.455,17.455,17.4
10/14/2019,17.71,48001,17.59,17.735,17.455
10/11/2019,17.462,5,17.595,17.595,17.35
10/10/2019,17.602,92239,17.8,17.935,17.455
10/09/2019,17.81,65358,17.825,17.835,17.75
10/08/2019,17.617,2,17.64,17.64,17.64
10/07/2019,17.54,34033,17.485,17.515,17.45
10/04/2019,17.54,27,17.44,17.455,17.32
10/03/2019,17.676,67807,17.63,17.845,17.515
10/02/2019,17.592,44,17.175,17.58,17.155
10/01/2019,17.302,80344,17.045,17.375,16.94
09/30/2019,16.998,93090,17.59,17.66,16.98
09/27/2019,17.552,227,17.82,17.83,17.33
09/26/2019,17.912,107355,17.99,18.11,17.785
09/25/2019,18.073,129832,18.68,18.75,17.875
09/24/2019,18.517,3,18.52,18.52,18.52
09/23/2019,18.711,125832,18.03,18.78,17.99
09/20/2019,17.738,53,17.755,17.95,17.74
09/19/2019,17.884,65159,17.845,18.015,17.655
09/18/2019,17.919,99132,18.095,18.12,17.58
09/17/2019,18.14,86207,17.925,18.17,17.82
09/16/2019,17.901,40,17.865,17.865,17.865
09/13/2019,17.436,201,18.005,18.005,17.405
9/12/2019,18.177,98022,18.2,18.555,18.085
9/11/2019,18.17,83299,18.095,18.335,17.97
9/10/2019,18.186,114183,18.09,18.265,17.855
9/09/2019,18.167,133132,18.215,18.4,18.015
9/06/2019,17.968,343,18.63,18.685,17.97
9/05/2019,18.807,188785,19.645,19.675,18.57
9/04/2019,19.547,152048,19.35,19.75,19.28
9/03/2019,19.237,194838,18.595,19.395,18.365
08/30/2019,18.48,112887,18.365,18.575,18.165
08/29/2019,18.323,158358,18.45,18.76,18.15
08/28/2019,18.456,100711,18.295,18.62,18.17
08/27/2019,18.298,70026,17.78,18.33,17.755
08/26/2019,17.785,57969,17.65,17.9,17.64
08/23/2019,17.554,52671,17.18,17.605,17.105
08/22/2019,17.014, N/A,17.014,17.014,17.014
08/21/2019,17.29,25283,17.265,17.315,17.115
08/20/2019,17.148,70667,16.87,17.17,16.83
08/19/2019,16.94,78167,17.125,17.175,16.82
08/16/2019,17.122,70561,17.25,17.315,17.03
08/15/2019,17.214,94729,17.19,17.37,17.075
08/14/2019,17.28,112695,16.95,17.305,16.855
08/13/2019,16.985,176903,17.06,17.49,16.51
8/12/2019,17.071,78813,16.965,17.15,16.8
8/09/2019,16.931,95119,16.94,17.14,16.86
8/08/2019,16.936,118840,17.1,17.225,16.81
8/07/2019,17.156,89,17.156,17.156,17.156
8/06/2019,16.445,69494,16.44,16.53,16.365
8/05/2019,16.345,79,16.15,16.435,16.125
8/02/2019,16.27,97890,16.355,16.385,16.03
8/01/2019,16.18,118667,16.28,16.405,15.935
07/31/2019,16.405,105069,16.585,16.6,16.215
07/30/2019,16.558,56688,16.5,16.64,16.425
07/29/2019,16.44,60486,16.42,16.5,16.36
07/26/2019,16.397,25,16.42,16.425,16.42
07/25/2019,16.411,118473,16.62,16.685,16.345
07/24/2019,16.626,82837,16.435,16.68,16.35
07/23/2019,16.476,109228,16.38,16.575,16.205
07/22/2019,16.411,95803,16.255,16.455,16.195
07/19/2019,16.195,170948,16.385,16.625,16.08
07/18/2019,16.198,143200,16.005,16.385,15.96
07/17/2019,15.893,85,15.73,15.785,15.73
07/16/2019,15.678,122038,15.415,15.735,15.34
07/15/2019,15.365,66358,15.24,15.43,15.185
7/12/2019,15.236,47572,15.135,15.27,15.07
7/11/2019,15.146,59202,15.265,15.345,15.12
7/10/2019,15.226,72535,15.135,15.315,15.07
7/09/2019,15.147,48296,15.035,15.155,14.965
7/08/2019,15.05,46461,15.05,15.15,14.985
7/05/2019,15.001,105333,15.305,15.37,14.915
7/03/2019,15.336,16202,15.365,15.37,15.25
7/02/2019,15.238,70068,15.16,15.365,15.07
7/01/2019,15.106,227,15.17,15.245,15.075
06/28/2019,15.253,54689,15.3,15.385,15.245
06/27/2019,15.294,73425,15.34,15.355,15.205
06/26/2019,15.283, N/A,15.283,15.283,15.283
06/25/2019,15.383,80978,15.54,15.59,15.34
06/24/2019,15.461,50783,15.445,15.54,15.37
06/21/2019,15.37,42848,15.525,15.625,15.235
06/20/2019,15.492,198449,15.17,15.52,15.12
06/19/2019,14.958,86503,14.995,15.17,14.905
06/18/2019,14.993,104597,14.83,15.08,14.8
06/17/2019,14.829,63520,14.84,14.89,14.755
06/14/2019,14.803,110922,14.89,15.12,14.775
06/13/2019,14.892,72054,14.76,14.925,14.72
6/12/2019,14.753,69645,14.725,14.86,14.71
6/11/2019,14.74,76461,14.685,14.785,14.63
6/10/2019,14.639,89933,15.005,15.01,14.625
6/07/2019,15.031,97503,14.89,15.15,14.84
6/06/2019,14.905,76960,14.795,14.995,14.73
6/05/2019,14.791,127493,14.815,15.04,14.755
6/04/2019,14.732,2,14.75,14.75,14.75
6/03/2019,14.74,106724,14.575,14.825,14.565
05/31/2019,14.567,85094,14.49,14.67,14.46
05/30/2019,14.46,136,14.355,14.485,14.305
05/29/2019,14.411,69962,14.325,14.45,14.32
05/28/2019,14.32,102194,14.57,14.61,14.265
05/24/2019,14.555,15132,14.545,14.61,14.54
05/23/2019,14.613,66955,14.42,14.635,14.4
05/22/2019,14.449,36402,14.42,14.48,14.37
05/21/2019,14.41,44977,14.435,14.46,14.35
05/20/2019,14.445,43352,14.395,14.46,14.355
05/17/2019,14.388,60527,14.545,14.555,14.38
05/16/2019,14.539,66999,14.79,14.825,14.515
05/15/2019,14.812,42474,14.8,14.865,14.765
05/14/2019,14.812,46821,14.78,14.865,14.745
05/13/2019,14.777,62331,14.775,14.815,14.615
5/10/2019,14.79,44487,14.75,14.85,14.74
5/09/2019,14.773,58045,14.845,14.875,14.705
5/08/2019,14.862,51790,14.92,14.99,14.835
5/07/2019,14.926,54542,14.91,14.955,14.81
5/06/2019,14.927,63448,14.96,14.99,14.77
5/03/2019,14.978,82935,14.62,14.995,14.6
5/02/2019,14.617,62927,14.69,14.735,14.57
5/01/2019,14.729,81969,14.975,14.985,14.62
04/30/2019,14.9,690,14.87,14.96,14.77
04/29/2019,14.933,64407,15.115,15.115,14.905
04/26/2019,15.088,50966,14.955,15.12,14.925
04/25/2019,14.96,33553,14.995,15.06,14.895
04/24/2019,14.996,31887,14.865,15.035,14.82
04/23/2019,14.865,35570,15.06,15.08,14.775
04/22/2019,15.058,22270,15.06,15.12,15.035
04/18/2019,15.038,18384,15.02,15.07,14.975
04/17/2019,14.939,75075,14.955,15.055,14.88
04/16/2019,14.915,67750,14.935,14.975,14.83
04/15/2019,14.975,70278,14.93,14.99,14.795
4/12/2019,14.963,66795,14.92,15.065,14.9
4/11/2019,14.867,101460,15.19,15.215,14.845
4/10/2019,15.244,60765,15.185,15.265,15.115
4/09/2019,15.211,57247,15.22,15.31,15.18
4/08/2019,15.173, N/A,15.173,15.173,15.173
4/05/2019,15.086,64334,15.115,15.18,15.04
4/04/2019,15.084,70292,15.09,15.15,14.86
4/03/2019,15.102,58612,15.09,15.16,15
4/02/2019,15.061,67858,15.085,15.09,14.905
4/01/2019,15.099,64063,15.095,15.19,15.03
03/29/2019,15.11,67744,14.99,15.18,14.95
03/28/2019,14.973,80243,15.285,15.315,14.955
03/27/2019,15.298,56770,15.425,15.475,15.255
03/26/2019,15.429,51552,15.545,15.56,15.39
03/25/2019,15.567,48347,15.405,15.59,15.385
03/22/2019,15.407,52949,15.475,15.55,15.365
03/21/2019,15.437,69649,15.485,15.65,15.38
03/20/2019,15.245,94,15.285,15.29,15.22
03/19/2019,15.372,38490,15.345,15.45,15.32
03/18/2019,15.322,42811,15.315,15.425,15.22
03/15/2019,15.324,55806,15.185,15.39,15.165
03/14/2019,15.101,20,15.185,15.185,15.09
03/13/2019,15.456,44770,15.44,15.55,15.435
3/12/2019,15.338,23,15.38,15.4,15.38
3/11/2019,15.274,45310,15.32,15.365,15.225
3/08/2019,15.349,71418,15.055,15.385,15.015
3/07/2019,15.04,57728,15.1,15.13,14.985
3/06/2019,15.085,55099,15.15,15.175,15.055
3/05/2019,15.105,64513,15.115,15.175,15.06
3/04/2019,15.105,85646,15.225,15.295,15.075
3/01/2019,15.256,96813,15.63,15.665,15.165
02/28/2019,15.634,62988,15.77,15.86,15.605
02/27/2019,15.672,16847,15.89,15.92,15.645
02/26/2019,15.926,37318,15.94,15.99,15.835
02/25/2019,15.928,33978,15.98,16.06,15.905
02/22/2019,16.012,31274,15.86,16.035,15.855
02/21/2019,15.906,40574,16.16,16.175,15.85
02/20/2019,16.281,40827,16.07,16.295,16.035
02/19/2019,15.967,111295,15.785,15.98,15.715
02/15/2019,15.743,29695,15.76,15.83,15.735
02/14/2019,15.528,76783,15.555,15.65,15.445
02/13/2019,15.624,30,15.71,15.755,15.605
2/12/2019,15.69,57636,15.7,15.82,15.65
2/11/2019,15.657,2,15.65,15.65,15.65
2/08/2019,15.809,51751,15.74,15.86,15.65
2/07/2019,15.713,53617,15.66,15.75,15.635
2/06/2019,15.701,50714,15.84,15.87,15.64
2/05/2019,15.836,43325,15.88,15.93,15.815
2/04/2019,15.886,59083,15.92,15.935,15.685
2/01/2019,15.931,67274,16.06,16.08,15.9
01/31/2019,16.072,76945,16.105,16.2,16.005
01/30/2019,15.927,79262,15.845,16.12,15.825
01/29/2019,15.839,57130,15.755,15.925,15.725
01/28/2019,15.765,56980,15.755,15.83,15.61
01/25/2019,15.699,78484,15.32,15.765,15.3
01/24/2019,15.3,46770,15.37,15.405,15.245
01/23/2019,15.38,53973,15.345,15.445,15.275
01/22/2019,15.325,80604,15.28,15.385,15.195
01/18/2019,15.399,30561,15.375,15.385,15.205
01/17/2019,15.536,52213,15.625,15.645,15.48
01/16/2019,15.638,47307,15.62,15.685,15.52
01/15/2019,15.62,59871,15.69,15.735,15.575
01/14/2019,15.609,38,15.59,15.615,15.59
1/11/2019,15.656,62442,15.625,15.78,15.59
1/10/2019,15.643,60285,15.8,15.83,15.585
1/09/2019,15.735,73226,15.715,15.825,15.63
1/08/2019,15.713,61158,15.725,15.745,15.56
1/07/2019,15.756,52485,15.8,15.88,15.68
1/04/2019,15.786,94060,15.805,15.955,15.645
1/03/2019,15.797,85782,15.63,15.815,15.55
1/02/2019,15.649,85737,15.55,15.68,15.385
12/31/2018,15.54,49552,15.46,15.575,15.39
12/28/2018,15.436,57378,15.295,15.46,15.285
12/27/2018,15.31,75751,15.115,15.335,15.005
12/26/2018,15.123,73071,14.875,15.25,14.78
12/24/2018,14.82,29639,14.735,14.875,14.715
12/21/2018,14.702,51281,14.84,14.86,14.665
12/20/2018,14.869,74024,14.68,14.915,14.62
12/19/2018,14.818,68396,14.705,14.9,14.615
12/18/2018,14.701,44392,14.735,14.79,14.68
12/17/2018,14.759,40172,14.655,14.775,14.62
12/14/2018,14.637,63952,14.83,14.85,14.56
12/13/2018,14.855,48523,14.86,14.9,14.765
12/12/2018,14.851,62439,14.65,14.895,14.63
12/11/2018,14.628,71602,14.63,14.82,14.605
12/10/2018,14.605,51848,14.735,14.735,14.565
12/07/2018,14.696,62234,14.55,14.735,14.51
12/06/2018,14.509,63572,14.585,14.59,14.415
12/05/2018,14.582,30711,14.605,14.62,14.49
12/04/2018,14.64,74494,14.5,14.745,14.46
12/03/2018,14.499,94303,14.335,14.645,14.28
11/30/2018,14.217,75357,14.375,14.41,14.115
11/29/2018,14.402,75545,14.42,14.47,14.34
11/28/2018,14.455,59331,14.24,14.49,14.205
11/27/2018,14.221,40275,14.335,14.405,14.185
11/26/2018,14.343,43956,14.42,14.545,14.32
11/23/2018,14.367,35565,14.61,14.645,14.285
11/21/2018,14.48,1,14.45,14.45,14.45
11/20/2018,14.269,99999,14.41,14.475,14.205
11/19/2018,14.403,61338,14.4,14.42,14.325
11/16/2018,14.382,76506,14.27,14.4,14.215
11/15/2018,14.263,77895,14.1,14.325,14.07
11/14/2018,14.08,88767,13.97,14.17,13.86
11/13/2018,13.952,9,14,14.015,13.945
11/12/2018,13.974,2,14.1,14.1,13.995
11/09/2018,14.14,110451,14.42,14.425,14.08
11/08/2018,14.423,87235,14.57,14.575,14.365
11/07/2018,14.569,78894,14.54,14.73,14.475
11/06/2018,14.5,67589,14.66,14.715,14.48
11/05/2018,14.647,65947,14.74,14.775,14.595
11/02/2018,14.756,104111,14.78,14.92,14.655
11/01/2018,14.777,116133,14.26,14.83,14.255
10/31/2018,14.282,75808,14.48,14.49,14.24
10/30/2018,14.462,73227,14.47,14.53,14.375
10/29/2018,14.442,90289,14.72,14.78,14.405
10/26/2018,14.7,83353,14.66,14.795,14.595
10/25/2018,14.63,68594,14.72,14.8,14.61
10/24/2018,14.676,63221,14.775,14.83,14.66
10/23/2018,14.793,82876,14.585,14.84,14.54
10/22/2018,14.587,54171,14.65,14.715,14.54
10/19/2018,14.65,56131,14.6,14.74,14.58
10/18/2018,14.604,74765,14.625,14.68,14.47
10/17/2018,14.663,57992,14.675,14.76,14.615
10/16/2018,14.701,65724,14.725,14.88,14.64
10/15/2018,14.656,1,14.665,14.665,14.665
10/12/2018,14.635,68828,14.62,14.735,14.54
10/11/2018,14.606,95661,14.335,14.65,14.275
10/10/2018,14.326,59693,14.42,14.455,14.255
10/09/2018,14.4,62856,14.42,14.47,14.285
10/08/2018,14.259,2,14.215,14.24,14.215
10/05/2018,14.649,59279,14.62,14.75,14.54
10/04/2018,14.59,74785,14.665,14.805,14.56
10/03/2018,14.67,65545,14.73,14.855,14.65
10/02/2018,14.693,100747,14.535,14.95,14.47
10/01/2018,14.507,83354,14.725,14.725,14.395
09/28/2018,14.712,113071,14.27,14.755,14.255
09/27/2018,14.201,138,14.32,14.385,14.12
09/26/2018,14.401,86774,14.5,14.545,14.34
09/25/2018,14.493,94182,14.295,14.595,14.25
09/24/2018,14.341,65301,14.325,14.42,14.22
09/21/2018,14.359,102098,14.35,14.465,14.18
09/20/2018,14.305,84729,14.285,14.385,14.21
09/19/2018,14.189,438,14.21,14.215,14.21
09/18/2018,14.185,68175,14.23,14.265,14.105
09/17/2018,14.223,55974,14.095,14.285,14.065
09/14/2018,14.142,63768,14.215,14.315,14.07
09/13/2018,14.244,81486,14.295,14.39,14.19
9/12/2018,14.293,83186,14.16,14.315,14.105
9/11/2018,14.153,79279,14.2,14.265,13.965
9/10/2018,14.181,52654,14.16,14.285,14.11
9/07/2018,14.17,77327,14.19,14.29,14.105
9/06/2018,14.181,71208,14.22,14.34,14.13
9/05/2018,14.22,64308,14.19,14.265,14.125
9/04/2018,14.18,134186,14.54,14.59,14.035
08/31/2018,14.557,29608,14.575,14.59,14.43
08/30/2018,14.594,76533,14.78,14.825,14.545
08/29/2018,14.81,60288,14.775,14.845,14.71
08/28/2018,14.767,1,14.82,14.82,14.82
08/27/2018,14.972,34909,14.935,14.995,14.82
08/24/2018,14.901,40337,14.575,14.96,14.555
08/23/2018,14.642,32098,14.845,14.845,14.555
08/22/2018,14.85,40161,14.86,14.965,14.77
08/21/2018,14.766,68459,14.735,14.83,14.7
08/20/2018,14.67,70791,14.725,14.83,14.625
08/17/2018,14.631,74433,14.635,14.8,14.575
08/16/2018,14.713,109950,14.455,14.825,14.315
08/15/2018,14.454,136741,15.06,15.07,14.345
08/14/2018,15.025,2,15.025,15.025,15.025
08/13/2018,14.982,101363,15.3,15.345,14.97
8/10/2018,15.295,80405,15.46,15.465,15.29
8/09/2018,15.462,62503,15.44,15.525,15.38
8/08/2018,15.432,56643,15.38,15.47,15.29
8/07/2018,15.373,60061,15.305,15.505,15.305
8/06/2018,15.292,1,15.292,15.292,15.292
8/03/2018,15.462,72018,15.31,15.575,15.25
8/02/2018,15.329,63,15.375,15.375,15.26
8/01/2018,15.452,57394,15.535,15.56,15.39
07/31/2018,15.559,73478,15.51,15.635,15.38
07/30/2018,15.537,41163,15.46,15.565,15.415
07/27/2018,15.493,58272,15.4,15.57,15.345
07/26/2018,15.438,104,15.57,15.57,15.375
07/25/2018,15.589,59606,15.48,15.655,15.47
07/24/2018,15.52,69066,15.395,15.63,15.34
07/23/2018,15.368,15,15.505,15.505,15.355
07/20/2018,15.549,80168,15.33,15.565,15.25
07/19/2018,15.402,99851,15.565,15.59,15.185
07/18/2018,15.574,67627,15.585,15.625,15.41
07/17/2018,15.617,75867,15.8,15.885,15.56
07/16/2018,15.735,7,15.725,15.73,15.725
07/13/2018,15.815,76009,15.98,16.015,15.7
7/12/2018,15.977,62435,15.825,16.025,15.78
7/11/2018,15.817,84671,16.105,16.11,15.805
7/10/2018,16.087,66699,16.15,16.2,15.92
7/09/2018,16.139,60816,16.065,16.26,16.055
7/06/2018,16.069,57348,16.065,16.19,15.985
7/05/2018,16.097,85785,16.13,16.195,15.97
7/03/2018,16.043,31773,16.06,16.195,16.035
7/02/2018,15.835,78707,16.145,16.18,15.8
06/29/2018,16.198,67259,16.05,16.22,16
06/28/2018,16.041,102824,16.125,16.185,15.965
06/27/2018,16.237,68355,16.365,16.375,16.035
06/26/2018,16.331,47732,16.4,16.43,16.22
06/25/2018,16.407,29222,16.545,16.565,16.37
06/22/2018,16.539,25565,16.39,16.565,16.385
06/21/2018,16.326,81579,16.29,16.36,16.19
06/20/2018,16.309,70782,16.305,16.37,16.25
06/19/2018,16.323,108516,16.47,16.55,16.24
06/18/2018,16.44,74855,16.55,16.635,16.425
06/15/2018,16.48,162916,17.195,17.275,16.46
06/14/2018,17.262,135613,17.075,17.35,16.965
06/13/2018,16.991,106212,16.875,17.145,16.825
6/12/2018,16.891,77134,16.96,16.98,16.775
6/11/2018,16.952,76619,16.805,16.975,16.77
6/08/2018,16.741,72200,16.745,16.86,16.645
6/07/2018,16.815,118355,16.71,16.935,16.67
6/06/2018,16.694,110305,16.505,16.765,16.505
6/05/2018,16.543,73873,16.44,16.55,16.37
6/04/2018,16.431,54630,16.42,16.56,16.38
6/01/2018,16.441,71122,16.43,16.515,16.335
05/31/2018,16.458,71698,16.525,16.615,16.41
05/30/2018,16.544,63338,16.375,16.58,16.325
05/29/2018,16.373,102814,16.48,16.53,16.31
05/25/2018,16.546,21051,16.53,16.53,16.44
05/24/2018,16.687,86402,16.475,16.715,16.42
05/23/2018,16.405,87799,16.555,16.6,16.33
05/22/2018,16.575,71116,16.53,16.7,16.465
05/21/2018,16.52,62442,16.43,16.535,16.28
05/18/2018,16.455,42267,16.44,16.485,16.37
05/17/2018,16.481,62297,16.385,16.505,16.335
05/16/2018,16.371,61543,16.285,16.435,16.19
05/15/2018,16.269,89414,16.54,16.565,16.205
05/14/2018,16.645,52487,16.7,16.76,16.515
5/11/2018,16.752,55517,16.76,16.865,16.67
5/10/2018,16.759,81887,16.52,16.79,16.5
5/09/2018,16.539,70928,16.51,16.655,16.375
5/08/2018,16.472,75787,16.505,16.55,16.335
5/07/2018,16.495,41960,16.55,16.6,16.43
5/04/2018,16.519,47074,16.455,16.56,16.39
5/03/2018,16.447,66259,16.405,16.62,16.385
5/02/2018,16.375,96542,16.19,16.565,16.175
5/01/2018,16.127,78659,16.345,16.37,16.07
04/30/2018,16.401,68642,16.555,16.58,16.225
04/27/2018,16.497,63489,16.565,16.61,16.48
04/26/2018,16.567,51421,16.62,16.66,16.46
04/25/2018,16.577,41673,16.785,16.795,16.55
04/24/2018,16.787,55182,16.7,16.815,16.6
04/23/2018,16.587,136239,17.135,17.135,16.58
04/20/2018,17.163,91618,17.235,17.26,17.04
04/19/2018,17.239,135635,17.215,17.36,17.09
04/18/2018,17.248,165747,16.785,17.275,16.73
04/17/2018,16.787,84050,16.67,16.805,16.575
04/16/2018,16.677,75396,16.655,16.77,16.545
04/13/2018,16.658,63952,16.46,16.68,16.445
4/12/2018,16.473,101372,16.665,16.69,16.43
4/11/2018,16.768,131690,16.56,16.89,16.515
4/10/2018,16.596,88994,16.485,16.64,16.41
4/09/2018,16.529,70457,16.42,16.54,16.295
4/06/2018,16.362,82819,16.355,16.475,16.24
4/05/2018,16.355,72941,16.29,16.395,16.15
4/04/2018,16.254,95330,16.4,16.515,16.22
4/03/2018,16.392,84650,16.59,16.605,16.34
4/02/2018,16.672,76589,16.3,16.68,16.3
03/29/2018,16.268,73493,16.28,16.34,16.195
03/28/2018,16.253,91352,16.515,16.56,16.22
03/27/2018,16.541,5463,16.515,16.56,16.505
03/26/2018,16.684,79681,16.56,16.795,16.525
03/23/2018,16.582,96619,16.375,16.675,16.375
03/22/2018,16.387,80385,16.565,16.61,16.33
03/21/2018,16.419,107191,16.165,16.665,16.155
03/20/2018,16.185,64279,16.31,16.34,16.1
03/19/2018,16.325,62812,16.305,16.345,16.2
03/16/2018,16.272,68691,16.385,16.495,16.205
03/15/2018,16.422,68576,16.53,16.58,16.37
03/14/2018,16.537,58711,16.595,16.67,16.515
03/13/2018,16.627,68897,16.535,16.69,16.465
3/12/2018,16.536,49313,16.605,16.635,16.43
3/09/2018,16.608,89986,16.51,16.71,16.33
3/08/2018,16.5,64557,16.505,16.575,16.43
3/07/2018,16.494,90417,16.81,16.89,16.435
3/06/2018,16.784,93589,16.42,16.895,16.41
3/05/2018,16.412,52412,16.53,16.62,16.37
3/02/2018,16.466,71355,16.495,16.595,16.4
3/01/2018,16.276,97202,16.43,16.565,16.16
02/28/2018,16.407,56441,16.44,16.52,16.36
02/27/2018,16.346,23576,16.61,16.65,16.26
02/26/2018,16.622,56965,16.5,16.785,16.5
02/23/2018,16.549,30525,16.655,16.665,16.525
02/22/2018,16.638,34042,16.51,16.71,16.42
02/21/2018,16.678,36389,16.485,16.81,16.415
02/20/2018,16.513,35343,16.725,16.765,16.46
02/16/2018,16.796,3725,16.6,16.69,16.59
02/15/2018,16.796,79088,16.83,16.95,16.605
02/14/2018,16.878,102811,16.525,16.905,16.325
02/13/2018,16.528,68898,16.515,16.645,16.41
2/12/2018,16.57,77781,16.295,16.58,16.28
2/09/2018,16.139,87582,16.34,16.405,16.13
2/08/2018,16.341,95941,16.35,16.425,16.19
2/07/2018,16.238,112620,16.59,16.73,16.21
2/06/2018,16.58,96327,16.71,16.955,16.54
2/05/2018,16.671,91547,16.61,16.865,16.51
2/02/2018,16.709,129684,17.18,17.225,16.52
2/01/2018,17.155,85493,17.295,17.375,17.07
01/31/2018,17.241,99361,17.105,17.375,17.065
01/30/2018,17.058,79124,17.14,17.31,17.04
01/29/2018,17.127,83769,17.42,17.47,17.085
01/26/2018,17.441,78908,17.29,17.53,17.235
01/25/2018,17.615,129547,17.555,17.705,17.125
01/24/2018,17.489,118268,17.04,17.625,16.985
01/23/2018,16.913,86519,16.99,17.09,16.735
01/22/2018,16.989,53882,17.045,17.105,16.945
01/19/2018,17.036,58152,16.96,17.13,16.96
01/18/2018,16.954,89252,16.99,17.14,16.915
01/17/2018,17.166,100083,17.21,17.31,16.98
01/16/2018,17.189,169463,17.37,17.45,16.8
1/12/2018,17.141,12528,17.235,17.37,17.225
1/11/2018,16.966,110116,17,17.065,16.88
1/10/2018,17.035,109720,16.985,17.22,16.93
1/09/2018,17.01,91726,17.16,17.17,16.945
1/08/2018,17.144,83826,17.27,17.3,17.065
1/05/2018,17.285,83274,17.265,17.325,17.13
1/04/2018,17.269,90272,17.155,17.32,17.025
1/03/2018,17.267,88085,17.225,17.285,17.065
1/02/2018,17.206,75337,17.035,17.25,16.985
12/29/2017,17.145,69874,16.905,17.175,16.865
12/28/2017,16.923,61080,16.745,16.93,16.71
12/27/2017,16.756,55208,16.61,16.785,16.555
12/26/2017,16.604,41172,16.445,16.64,16.365
12/22/2017,16.444,50574,16.18,16.485,16.165
12/21/2017,16.239,44061,16.235,16.305,16.14
12/20/2017,16.275,54201,16.17,16.32,16.15
12/19/2017,16.153,50479,16.18,16.26,16.095
12/18/2017,16.205,45370,16.085,16.215,16.05
12/15/2017,16.063,56984,15.92,16.12,15.915
12/14/2017,15.934,69149,16.1,16.15,15.855
12/13/2017,15.869,83152,15.74,16.18,15.685
12/12/2017,15.668,61529,15.73,15.83,15.635
12/11/2017,15.785,53591,15.845,15.905,15.7
12/08/2017,15.823,73209,15.745,15.91,15.72
12/07/2017,15.802,72437,15.97,16.005,15.66
12/06/2017,15.955,66811,16.135,16.17,15.935
12/05/2017,16.068,80978,16.34,16.38,16.04
12/04/2017,16.373,68045,16.37,16.455,16.265
12/01/2017,16.388,96685,16.455,16.585,16.265
11/30/2017,16.474,87660,16.585,16.625,16.345
11/29/2017,16.561,105831,16.92,16.965,16.555
11/28/2017,16.918,80617,17.11,17.18,16.825
11/27/2017,17.119,42114,17.125,17.27,17.08
11/24/2017,17.093,32329,17.24,17.24,17.035
11/22/2017,17.216,3559,17.24,17.24,17.15
11/21/2017,16.96,79849,16.9,17.035,16.885
11/20/2017,16.842,137409,17.335,17.335,16.82
11/17/2017,17.373,99243,17.08,17.385,17.02
11/16/2017,17.072,73332,16.975,17.125,16.945
11/15/2017,16.971,102216,17.025,17.205,16.94
11/14/2017,17.073,73706,17.06,17.095,16.86
11/13/2017,17.047,70448,16.86,17.07,16.82
11/10/2017,16.871,91043,16.995,17.095,16.785
11/09/2017,16.975,4094,16.995,17.03,16.975
11/08/2017,17.138,89792,16.95,17.265,16.95
11/07/2017,16.94,92644,17.23,17.24,16.92
11/06/2017,17.235,98259,16.835,17.27,16.795
11/03/2017,16.834,103898,17.125,17.195,16.77
11/02/2017,17.137,100434,17.15,17.255,17.05
11/01/2017,17.176,118792,16.71,17.21,16.67
10/31/2017,16.693,67820,16.865,16.91,16.645
10/30/2017,16.847,61313,16.85,16.9,16.69
10/27/2017,16.752,102188,16.8,16.87,16.6
10/26/2017,16.811,89310,16.96,17.045,16.755
10/25/2017,16.925,90310,16.96,17.05,16.81
10/24/2017,16.966,85318,17.1,17.17,16.89
10/23/2017,17.075,89287,17.035,17.13,16.87
10/20/2017,17.078,96816,17.275,17.315,16.945
10/19/2017,17.255,104054,17.015,17.315,16.93
10/18/2017,16.997,67714,17.045,17.12,16.92
10/17/2017,17.041,87407,17.26,17.28,16.985
10/16/2017,17.369,76431,17.425,17.495,17.135
10/13/2017,17.411,76290,17.275,17.45,17.2
10/12/2017,17.266,59193,17.19,17.29,17.135
10/11/2017,17.133,65118,17.15,17.265,17.085
10/10/2017,17.207,86448,16.99,17.28,16.96
10/09/2017,16.971,54828,16.85,17.03,16.765
10/06/2017,16.79,102408,16.61,16.89,16.345
10/05/2017,16.638,52850,16.62,16.77,16.59
10/04/2017,16.624,70993,16.665,16.92,16.555
10/03/2017,16.65,46399,16.605,16.69,16.57
10/02/2017,16.654,61413,16.67,16.75,16.565
09/29/2017,16.676,70358,16.9,16.905,16.64
09/28/2017,16.847,67332,16.78,16.925,16.705
09/27/2017,16.827,82289,16.87,16.94,16.75
09/26/2017,16.883,85598,17.2,17.295,16.815
09/25/2017,17.147,88807,17.03,17.225,16.87
09/22/2017,16.984,52171,17.035,17.1,16.94
09/21/2017,17.018,84994,17.225,17.225,16.865
09/20/2017,17.334,79415,17.345,17.445,17.01
09/19/2017,17.279,67628,17.245,17.375,17.16
09/18/2017,17.156,83368,17.655,17.675,17.11
09/15/2017,17.701,74016,17.845,17.915,17.63
09/14/2017,17.789,83941,17.845,17.865,17.66
09/13/2017,17.867,80739,17.97,18.125,17.725
9/12/2017,17.89,61334,17.885,17.975,17.785
9/11/2017,17.902,77987,17.92,17.99,17.77
9/08/2017,18.123,84923,18.205,18.29,17.965
9/07/2017,18.116,88015,17.95,18.225,17.865
9/06/2017,17.91,70784,17.98,18.07,17.885
9/05/2017,17.941,123091,17.98,18.09,17.835
9/01/2017,17.816,13684,17.88,17.985,17.86
08/31/2017,17.575,79977,17.51,17.695,17.34
08/30/2017,17.503,87226,17.44,17.555,17.37
08/29/2017,17.516,83750,17.61,17.755,17.345
08/28/2017,17.529,56179,17.1,17.565,17.1
08/25/2017,17.132,43451,17.035,17.26,16.8
08/24/2017,17.046,40022,17.175,17.18,16.895
08/23/2017,17.126,23335,17.065,17.185,16.99
08/22/2017,16.982,86527,17.005,17.115,16.87
08/21/2017,17.015,88901,16.935,17.12,16.83
08/18/2017,17,112274,17.035,17.32,16.85
08/17/2017,17.053,96966,17.12,17.175,16.965
08/16/2017,16.94,98306,16.64,17.13,16.61
08/15/2017,16.714,96559,17.06,17.065,16.56
08/14/2017,17.122,72719,17.13,17.215,16.925
8/11/2017,17.07,93041,17.125,17.195,16.88
8/10/2017,17.065,101696,16.94,17.24,16.85
8/09/2017,16.863,103706,16.44,16.945,16.43
8/08/2017,16.389,78267,16.24,16.46,16.205
8/07/2017,16.251,56468,16.27,16.28,16.095
8/04/2017,16.252,94930,16.7,16.75,16.17
8/03/2017,16.63,57105,16.57,16.68,16.42
8/02/2017,16.733,76124,16.695,16.96,16.455
8/01/2017,16.764,60358,16.835,16.845,16.59
07/31/2017,16.786,54746,16.745,16.87,16.665
07/28/2017,16.695,48722,16.575,16.75,16.505
07/27/2017,16.573,66786,16.64,16.81,16.54
07/26/2017,16.459,65739,16.465,16.68,16.28
07/25/2017,16.542,74473,16.46,16.605,16.225
07/24/2017,16.443,61270,16.5,16.575,16.405
07/21/2017,16.457,58385,16.28,16.51,16.28
07/20/2017,16.345,83590,16.25,16.395,16.11
07/19/2017,16.297,80622,16.265,16.345,16.125
07/18/2017,16.268,88134,16.08,16.31,16.06
07/17/2017,16.099,77645,15.99,16.17,15.935
07/14/2017,15.933,90093,15.66,16.07,15.575
07/13/2017,15.691,75577,15.875,15.955,15.66
7/12/2017,15.887,94050,15.81,15.995,15.71
7/11/2017,15.745,93883,15.64,15.83,15.425
7/10/2017,15.629,122268,15.58,15.705,15.145
7/07/2017,15.425,152802,14.51,16.14,14.34
7/06/2017,15.983,65000,16.055,16.08,15.91
7/05/2017,15.896,132201,16.05,16.19,15.85
7/03/2017,16.092,12692,16.135,16.175,16.01
06/30/2017,16.627,68060,16.635,16.705,16.505
06/29/2017,16.654,94806,16.835,16.915,16.615
06/28/2017,16.791,48219,16.685,16.89,16.68
06/27/2017,16.651,45924,16.56,16.78,16.55
06/26/2017,16.631,27721,16.755,16.785,16.28
06/23/2017,16.707,31851,16.58,16.825,16.58
06/22/2017,16.573,36159,16.465,16.705,16.465
06/21/2017,16.374,81374,16.415,16.495,16.315
06/20/2017,16.417,77955,16.465,16.605,16.36
06/19/2017,16.502,72542,16.67,16.68,16.445
06/16/2017,16.661,66837,16.72,16.8,16.62
06/15/2017,16.716,99484,16.875,17.065,16.62
06/14/2017,17.136,125328,16.82,17.365,16.79
06/13/2017,16.767,96274,16.945,16.955,16.705
6/12/2017,16.944,91364,17.17,17.215,16.89
6/09/2017,17.223,69540,17.485,17.495,17.155
6/08/2017,17.414,85338,17.56,17.68,17.285
6/07/2017,17.62,66633,17.71,17.725,17.505
6/06/2017,17.71,73392,17.545,17.745,17.515
6/05/2017,17.581,48594,17.55,17.65,17.495
6/02/2017,17.525,99642,17.27,17.58,17.115
6/01/2017,17.281,82027,17.315,17.37,16.985
05/31/2017,17.406,69459,17.385,17.42,17.225
05/30/2017,17.427,74117,17.4,17.465,17.205
05/26/2017,17.323,1616,17.145,17.385,17.085
05/25/2017,17.193,56213,17.215,17.26,17.125
05/24/2017,17.117,79509,17.05,17.23,16.895
05/23/2017,17.139,91066,17.165,17.305,17.03
05/22/2017,17.191,76087,16.87,17.21,16.84
05/19/2017,16.796,75082,16.58,16.875,16.565
05/18/2017,16.67,113774,16.89,16.945,16.43
05/17/2017,16.906,119164,16.85,17.035,16.755
05/16/2017,16.747,70432,16.63,16.865,16.61
05/15/2017,16.603,79419,16.46,16.815,16.41
5/12/2017,16.402,57722,16.33,16.475,16.3
5/11/2017,16.265,63736,16.205,16.39,16.165
5/10/2017,16.207,75049,16.18,16.345,16.145
5/09/2017,16.067,68562,16.235,16.315,16.06
5/08/2017,16.258,52801,16.31,16.455,16.23
5/05/2017,16.274,86392,16.315,16.53,16.23
5/04/2017,16.303,98264,16.485,16.645,16.215
5/03/2017,16.546,84776,16.855,16.895,16.415
5/02/2017,16.831,60576,16.88,17.015,16.8
5/01/2017,16.842,70384,17.24,17.29,16.81
04/28/2017,17.262,62471,17.28,17.445,17.185
04/27/2017,17.334,93846,17.515,17.54,17.265
04/26/2017,17.431,65816,17.65,17.695,17.355
04/25/2017,17.659,55112,17.99,18.05,17.59
04/24/2017,17.932,46673,18.035,18.035,17.625
04/21/2017,17.937,41398,18.095,18.095,17.865
04/20/2017,18.018,112312,18.16,18.22,17.845
04/19/2017,18.162,72708,18.3,18.325,18.085
04/18/2017,18.272,108451,18.43,18.435,18.065
04/17/2017,18.514,58659,18.585,18.655,18.37
04/13/2017,18.51,82108,18.51,18.605,18.415
4/12/2017,18.3,75919,18.35,18.585,18.245
4/11/2017,18.254,79370,17.95,18.345,17.91
4/10/2017,17.915,71551,17.93,18.025,17.735
4/07/2017,18.151,116015,18.25,18.49,17.865
4/06/2017,18.246,49324,18.295,18.355,18.165
4/05/2017,18.187,71728,18.32,18.325,18.145
4/04/2017,18.323,47465,18.305,18.43,18.21
4/03/2017,18.212,44891,18.265,18.29,18.09
03/31/2017,18.256,51222,18.135,18.29,18.06
03/30/2017,18.206,62551,18.25,18.315,18.07
03/29/2017,18.252,55133,18.205,18.275,18.055
03/28/2017,18.252,68603,18.12,18.26,18.025
03/27/2017,18.108,58605,17.805,18.15,17.78
03/24/2017,17.748,41994,17.595,17.8,17.54
03/23/2017,17.593,51127,17.555,17.71,17.525
03/22/2017,17.578,42471,17.565,17.605,17.46
03/21/2017,17.583,55081,17.445,17.62,17.34
03/20/2017,17.438,28681,17.425,17.475,17.365
03/17/2017,17.413,38602,17.34,17.425,17.23
03/16/2017,17.33,76004,17.345,17.585,17.255
03/15/2017,16.923,71231,16.89,17.37,16.825
03/14/2017,16.923,47092,16.985,17.065,16.875
03/13/2017,16.972,47610,17.05,17.16,16.965
3/10/2017,16.923,73539,16.98,17.105,16.855
3/09/2017,17.036,65979,17.255,17.31,16.955
3/08/2017,17.298,57473,17.52,17.57,17.24
3/07/2017,17.536,53909,17.8,17.82,17.495
3/06/2017,17.773,48119,17.99,17.995,17.735
3/03/2017,17.74,78522,17.8,18.01,17.66
3/02/2017,17.748,96459,18.465,18.48,17.705
3/01/2017,18.489,76126,18.36,18.51,18.27
02/28/2017,18.469,61238,18.315,18.51,18.28
02/27/2017,18.417,69752,18.42,18.54,18.265
02/24/2017,18.406,57550,18.225,18.46,18.21
02/23/2017,18.185,56609,18.07,18.28,17.995
02/22/2017,18.022,30298,18.025,18.115,17.975
02/21/2017,18.074,45451,18.135,18.145,17.885
02/17/2017,18.103,2228,18.17,18.17,17.98
02/16/2017,18.074,69511,17.97,18.14,17.935
02/15/2017,17.963,69973,17.955,17.99,17.755
02/14/2017,17.889,77016,17.81,18.09,17.73
02/13/2017,17.821,58146,17.94,18.015,17.755
2/10/2017,17.933,88515,17.64,18.02,17.545
2/09/2017,17.741,65187,17.78,17.845,17.615
2/08/2017,17.705,63771,17.7,17.875,17.62
2/07/2017,17.756,53396,17.74,17.795,17.56
2/06/2017,17.693,45823,17.52,17.76,17.46
2/03/2017,17.479,64243,17.485,17.54,17.26
2/02/2017,17.429,60325,17.565,17.745,17.415
2/01/2017,17.45,64466,17.57,17.665,17.36
01/31/2017,17.543,70354,17.13,17.635,17.105
01/30/2017,17.152,55076,17.17,17.295,17.08
01/27/2017,17.136,62626,16.8,17.26,16.635
01/26/2017,16.85,52373,17.01,17.05,16.68
01/25/2017,16.98,61928,17.11,17.13,16.78
01/24/2017,17.185,50633,17.25,17.31,17.025
01/23/2017,17.186,50885,17.12,17.285,17.075
01/20/2017,17.032,63722,17.025,17.195,16.84
01/19/2017,17.002,75995,17.075,17.125,16.745
01/18/2017,17.274,57319,17.23,17.36,17.06
01/17/2017,17.148,88094,16.82,17.245,16.805
01/13/2017,16.765,5334,16.805,16.905,16.61
1/12/2017,16.825,61927,16.77,17.02,16.755
1/11/2017,16.828,78007,16.84,16.905,16.56
1/10/2017,16.848,65901,16.615,16.955,16.575
1/09/2017,16.683,44836,16.52,16.735,16.455
1/06/2017,16.519,65290,16.635,16.715,16.26
1/05/2017,16.637,65863,16.495,16.76,16.455
1/04/2017,16.552,52133,16.345,16.57,16.3
1/03/2017,16.409,79733,15.97,16.55,15.935
12/30/2016,15.989,43311,16.225,16.345,15.88
12/29/2016,16.218,40784,16.08,16.31,16.04
12/28/2016,16.038,33187,16.01,16.14,15.865
12/27/2016,15.989,30646,15.805,16.105,15.755
12/23/2016,15.759,24960,15.855,15.9,15.735
12/22/2016,15.759,24960,15.855,15.9,15.735
12/21/2016,15.979,43705,16.15,16.24,15.95
12/20/2016,16.117,56957,16.015,16.165,15.675
12/19/2016,16.089,36896,16.12,16.265,15.955
12/16/2016,16.215,55025,15.99,16.33,15.975
12/15/2016,15.958,100979,16.855,17,15.925
12/14/2016,17.221,61674,16.965,17.29,16.805
12/13/2016,16.977,44786,17.13,17.23,16.83
12/12/2016,17.187,51679,16.915,17.265,16.735
12/09/2016,16.967,45150,17.075,17.185,16.85
12/08/2016,17.096,45660,17.2,17.29,17.025
12/07/2016,17.275,62669,16.78,17.3,16.705
12/06/2016,16.81,44809,16.79,16.955,16.745
12/05/2016,16.899,52952,16.94,17.05,16.545
12/02/2016,16.832,61174,16.585,16.87,16.375
12/01/2016,16.506,59178,16.555,16.735,16.3
11/30/2016,16.482,57469,16.69,16.83,16.465
11/29/2016,16.74,59737,16.69,16.78,16.47
11/28/2016,16.675,54771,16.53,16.945,16.53
11/25/2016,16.554,42455,16.41,16.67,16.245
11/23/2016,16.485,2374,16.475,16.485,16.305
11/22/2016,16.735,21077,16.68,16.985,16.625
11/21/2016,16.621,18656,16.695,16.86,16.615
11/18/2016,16.721,19303,16.765,16.84,16.52
11/17/2016,16.772,63637,16.96,17.08,16.575
11/16/2016,16.927,59923,17.085,17.235,16.855
11/15/2016,17.043,68066,16.92,17.135,16.82
11/14/2016,16.893,126942,17.39,17.49,16.62
11/11/2016,17.382,167945,18.605,18.85,17.17
11/10/2016,18.737,112856,18.475,18.99,18.38
11/09/2016,18.378,153929,18.4,19.005,18.275
11/08/2016,18.356,81745,18.2,18.73,18.175
11/07/2016,18.151,57894,18.27,18.29,18.005
11/04/2016,18.371,54835,18.36,18.48,18.185
11/03/2016,18.416,79725,18.5,18.645,17.995
11/02/2016,18.693,77089,18.375,18.75,18.36
11/01/2016,18.418,89028,17.89,18.51,17.85
10/31/2016,17.796,47375,17.8,17.925,17.755
10/28/2016,17.796,68645,17.6,17.935,17.505
10/27/2016,17.639,44158,17.615,17.725,17.545
10/26/2016,17.626,47965,17.77,17.87,17.575
10/25/2016,17.78,48402,17.605,17.82,17.51
10/24/2016,17.604,61313,17.52,17.89,17.465
10/21/2016,17.493,33232,17.535,17.56,17.395
10/20/2016,17.549,49381,17.695,17.745,17.45
10/19/2016,17.663,41476,17.625,17.79,17.57
10/18/2016,17.638,57106,17.46,17.73,17.455
10/17/2016,17.474,32380,17.45,17.515,17.36
10/14/2016,17.441,52679,17.525,17.6,17.315
10/13/2016,17.458,48047,17.515,17.705,17.43
10/12/2016,17.505,44747,17.495,17.64,17.38
10/11/2016,17.509,57562,17.66,17.855,17.465
10/10/2016,17.659,56552,17.6,17.84,17.57
10/07/2016,17.38,86771,17.345,17.685,17.115
10/06/2016,17.345,68853,17.785,17.88,17.14
10/05/2016,17.695,75142,17.805,18.04,17.585
10/04/2016,17.775,99335,18.875,18.94,17.745
10/03/2016,18.868,53214,19.26,19.385,18.75
09/30/2016,19.214,70702,19.16,19.77,19.12
09/29/2016,19.188,52239,19.255,19.46,19.05
09/28/2016,19.121,49929,19.19,19.27,18.975
09/27/2016,19.165,65048,19.51,19.61,19.045
09/26/2016,19.596,52934,19.79,19.825,19.425
09/23/2016,19.81,47205,19.96,20.025,19.665
09/22/2016,20.099,69407,19.9,20.145,19.785
09/21/2016,19.768,85478,19.32,19.955,19.07
09/20/2016,19.277,35459,19.22,19.365,19.145
09/19/2016,19.29,47938,18.845,19.38,18.84
09/16/2016,18.862,40621,19.06,19.085,18.715
09/15/2016,19.041,44499,19.02,19.28,18.875
09/14/2016,19.066,36172,18.94,19.175,18.845
09/13/2016,18.975,60066,19.16,19.35,18.855
9/12/2016,19,80455,19.205,19.245,18.765
9/09/2016,19.368,53213,19.68,19.725,19.08
9/08/2016,19.678,48853,19.87,20.02,19.63
9/07/2016,19.848,53141,20.115,20.235,19.815
9/06/2016,19.848,97889,19.595,20.22,19.38
9/02/2016,20.138,7474,18.955,19.535,18.825
9/01/2016,18.943,45859,18.72,18.995,18.65
08/31/2016,18.622,42303,18.58,18.795,18.52
08/30/2016,18.577,54220,18.86,18.94,18.55
08/29/2016,18.768,49271,18.61,18.88,18.37
08/26/2016,18.651,45153,18.49,19.035,18.47
08/25/2016,18.489,22731,18.5,18.62,18.44
08/24/2016,18.556,29329,18.82,18.965,18.5
08/23/2016,18.922,26548,18.865,19.09,18.77
08/22/2016,18.859,87832,19.25,19.25,18.71
08/19/2016,19.317,78120,19.775,19.8,19.22
08/18/2016,19.74,67797,19.695,19.94,19.625
08/17/2016,19.648,77808,19.82,19.895,19.375
08/16/2016,19.874,69730,19.855,20.12,19.715
08/15/2016,19.847,42437,19.755,20.05,19.7
8/12/2016,19.703,76105,20,20.235,19.66
8/11/2016,20.02,71486,20.19,20.34,19.905
8/10/2016,20.17,70815,19.92,20.515,19.9
8/09/2016,19.85,41749,19.75,19.9,19.605
8/08/2016,19.805,48030,19.55,19.89,19.515
8/05/2016,19.817,78673,20.41,20.47,19.715
8/04/2016,20.443,56853,20.45,20.55,20.08
8/03/2016,20.471,45117,20.675,20.77,20.405
8/02/2016,20.701,61315,20.53,20.835,20.385
8/01/2016,20.5,56350,20.41,20.695,20.335
07/29/2016,20.347,63270,20.225,20.455,20.005
07/28/2016,20.192,63491,20.42,20.585,20.155
07/27/2016,19.995,68986,19.71,20.47,19.575
07/26/2016,19.683,31633,19.625,19.8,19.49
07/25/2016,19.647,44062,19.695,19.76,19.355
07/22/2016,19.689,45343,19.87,20.02,19.62
07/21/2016,19.815,59506,19.45,19.935,19.27
07/20/2016,19.613,58541,19.97,20.05,19.385
07/19/2016,20.007,35618,20.115,20.125,19.87
07/18/2016,20.075,49610,20.235,20.295,19.77
07/15/2016,20.165,50449,20.39,20.395,20.06
07/14/2016,20.322,60568,20.45,20.615,20.06
07/13/2016,20.413,60060,20.22,20.55,19.955
7/12/2016,20.171,79859,20.365,20.595,20.02
7/11/2016,20.304,72018,20.4,20.76,20.17
7/08/2016,20.099,80162,19.735,20.39,19.28
7/07/2016,19.838,66521,20.165,20.335,19.525
7/06/2016,20.203,76564,20.015,20.585,19.93
7/05/2016,19.907,169563,19.84,21.225,19.61
7/01/2016,19.588,25064,18.815,19.98,18.795
06/30/2016,18.582,54738,18.315,18.855,18.245
06/29/2016,18.362,86786,17.8,18.515,17.8
06/28/2016,17.843,50095,17.8,17.88,17.55
06/27/2016,17.744,47232,17.79,17.94,17.66
06/24/2016,17.789,24740,17.15,18.37,17.105
06/23/2016,17.353,22823,17.25,17.5,17.215
06/22/2016,17.312,58293,17.31,17.355,17.125
06/21/2016,17.319,73413,17.5,17.605,17.19
06/20/2016,17.514,62130,17.46,17.66,17.3
06/17/2016,17.411,62268,17.21,17.53,17.21
06/16/2016,17.607,82130,17.55,17.88,17.17
06/15/2016,17.503,50715,17.4,17.635,17.355
06/14/2016,17.424,48076,17.46,17.5,17.225
06/13/2016,17.443,61648,17.33,17.465,17.105
6/10/2016,17.33,50640,17.28,17.38,17.16
6/09/2016,17.268,60849,17.055,17.34,16.95
6/08/2016,16.985,70751,16.41,17.115,16.39
6/07/2016,16.394,52915,16.485,16.49,16.245
6/06/2016,16.447,44117,16.415,16.545,16.365
6/03/2016,16.365,56578,16.015,16.47,15.97
6/02/2016,16.025,36202,15.985,16.065,15.925
6/01/2016,15.927,55824,16.02,16.105,15.83
05/31/2016,15.994,67547,16.22,16.245,15.915
05/27/2016,16.269,9034,16.335,16.395,16.14
05/26/2016,16.343,49153,16.335,16.585,16.25
05/25/2016,16.261,44155,16.235,16.38,16.185
05/24/2016,16.254,44460,16.4,16.455,16.21
05/23/2016,16.423,37628,16.5,16.59,16.325
05/20/2016,16.532,38375,16.5,16.675,16.435
05/19/2016,16.493,73133,16.855,16.95,16.35
05/18/2016,17.132,60006,17.285,17.32,16.715
05/17/2016,17.25,40130,17.175,17.38,17.055
05/16/2016,17.154,46293,17.14,17.43,17.075
05/13/2016,17.132,46342,17.025,17.2,16.85
5/12/2016,17.103,52997,17.445,17.485,17
5/11/2016,17.319,49082,17.155,17.62,17.125
5/10/2016,17.092,42059,17.05,17.19,16.925
5/09/2016,17.089,55525,17.475,17.505,16.96
5/06/2016,17.527,51259,17.37,17.635,17.22
5/05/2016,17.327,53819,17.41,17.685,17.285
5/04/2016,17.301,49081,17.45,17.51,17.215
5/03/2016,17.499,59992,17.605,17.76,17.365
5/02/2016,17.682,55255,17.875,18.06,17.53
04/29/2016,17.819,64738,17.63,18.02,17.615
04/28/2016,17.588,71072,17.285,17.695,17.185
04/27/2016,17.335,60199,17.205,17.48,17.1
04/26/2016,17.159,42858,17.05,17.22,16.885
04/25/2016,17.059,24977,16.95,17.195,16.865
04/22/2016,16.95,36584,17.055,17.415,16.91
04/21/2016,17.141,139733,16.96,17.72,16.755
04/20/2016,17.135,89881,16.96,17.255,16.855
04/19/2016,16.972,104626,16.235,17.11,16.18
04/18/2016,16.253,44476,16.295,16.34,16.13
04/15/2016,16.313,45079,16.185,16.395,16.11
04/14/2016,16.173,58447,16.23,16.27,15.925
04/13/2016,16.325,66253,16.2,16.345,16.015
4/12/2016,16.222,72596,15.95,16.23,15.8
4/11/2016,15.976,71422,15.38,15.985,15.37
4/08/2016,15.384,41592,15.215,15.39,15.12
4/07/2016,15.158,49249,15.055,15.365,15.055
4/06/2016,15.054,40530,15.13,15.195,14.915
4/05/2016,15.116,38827,14.94,15.22,14.925
4/04/2016,14.944,35644,14.93,15.105,14.895
4/01/2016,15.046,68114,15.445,15.48,14.785
03/31/2016,15.464,38801,15.215,15.55,15.2
03/30/2016,15.211,43267,15.36,15.46,15.175
03/29/2016,15.233,46584,15.23,15.375,15.06
03/28/2016,15.19,27006,15.19,15.375,15.14
03/24/2016,15.199,39492,15.275,15.335,15.105
03/23/2016,15.272,73670,15.885,15.935,15.235
03/22/2016,15.885,45270,15.855,16.04,15.79
03/21/2016,15.847,33443,15.83,15.925,15.725
03/18/2016,15.811,45523,15.97,16.17,15.755
03/17/2016,16.033,77457,15.625,16.075,15.565
03/16/2016,16.033,45873,15.29,15.675,15.21
03/15/2016,15.261,37019,15.375,15.42,15.2
03/14/2016,15.521,56918,15.52,15.85,15.31
3/11/2016,15.605,44221,15.615,15.755,15.48
3/10/2016,15.549,62173,15.31,15.665,15.165
3/09/2016,15.366,42994,15.37,15.455,15.205
3/08/2016,15.39,51402,15.65,15.76,15.35
3/07/2016,15.633,48158,15.575,15.83,15.495
3/04/2016,15.694,82739,15.23,15.84,15.15
3/03/2016,15.146,41516,14.98,15.34,14.865
3/02/2016,15.022,39080,14.83,15.045,14.77
3/01/2016,14.756,39707,14.915,15.105,14.745
02/29/2016,14.918,49786,14.755,14.945,14.61
02/26/2016,14.714,69560,15.175,15.26,14.695
02/25/2016,15.199,52464,15.29,15.36,15.06
02/24/2016,15.332,45952,15.335,15.63,15.22
02/23/2016,15.28,32039,15.225,15.36,15.215
02/22/2016,15.221,29459,15.4,15.4,14.975
02/19/2016,15.373,48449,15.42,15.495,15.29
02/18/2016,15.432,56285,15.315,15.57,15.225
02/17/2016,15.377,51830,15.275,15.415,15.19
02/16/2016,15.334,84033,15.385,15.74,15.155
2/12/2016,15.79,10978,15.705,15.74,15.345
2/11/2016,15.794,89542,15.285,15.99,15.285
2/10/2016,15.282,55674,15.285,15.325,15.11
2/09/2016,15.449,53532,15.275,15.47,15.205
2/08/2016,15.426,67423,15,15.48,14.9
2/05/2016,14.778,53212,14.88,15.065,14.67
2/04/2016,14.85,49932,14.705,14.93,14.65
2/03/2016,14.734,62071,14.31,14.82,14.27
2/02/2016,14.289,32618,14.295,14.405,14.23
2/01/2016,14.343,34042,14.255,14.42,14.2
01/29/2016,14.243,31162,14.25,14.31,14.16
01/28/2016,14.232,42191,14.51,14.54,14.07
01/27/2016,14.459,36968,14.515,14.585,14.36
01/26/2016,14.564,52989,14.255,14.58,14.22
01/25/2016,14.254,36178,14.065,14.31,14.025
01/22/2016,14.057,43954,14.115,14.36,14.02
01/21/2016,14.094,47263,14.175,14.21,13.885
01/20/2016,14.16,38094,14.035,14.22,13.995
01/19/2016,14.121,45289,13.95,14.185,13.84
01/15/2016,13.896,2471,13.92,13.995,13.85
01/14/2016,13.748,48364,14.175,14.185,13.74
01/13/2016,14.156,47216,13.785,14.205,13.75
1/12/2016,13.751,37293,13.875,13.91,13.73
1/11/2016,13.866,39564,13.965,14.075,13.825
1/08/2016,13.918,51073,14.325,14.34,13.87
1/07/2016,14.344,65190,14.33,14.385,13.92
1/06/2016,13.976,39490,13.95,14.135,13.855
1/05/2016,13.971,28946,13.86,14.065,13.845
1/04/2016,13.841,48963,13.815,14.185,13.8
12/31/2015,13.803,16809,13.865,13.96,13.765
12/30/2015,13.83,1294,13.925,13.985,13.83
12/29/2015,13.928,1294,13.925,13.985,13.925
12/28/2015,13.884,34318,14.365,14.425,13.85
12/24/2015,14.379,13175,14.3,14.4,14.265
12/23/2015,14.287,21764,14.26,14.345,14.2
12/22/2015,14.314,30262,14.24,14.4,14.215
12/21/2015,14.315,36542,14.11,14.33,14.045
12/18/2015,14.096,43299,13.71,14.195,13.685
12/17/2015,13.703,46265,14.195,14.225,13.665
12/16/2015,14.248,51943,13.745,14.31,13.745
12/15/2015,13.77,36096,13.655,13.81,13.635
12/14/2015,13.695,42343,13.9,13.965,13.62
12/11/2015,13.884,51007,14.07,14.135,13.75
12/10/2015,14.11, N/A,14.11,14.11,14.11
12/09/2015,14.189,36379,14.13,14.335,14.105
12/08/2015,14.116,36616,14.15,14.31,14.065
12/07/2015,14.332,40682,14.22,14.64,14.205
12/04/2015,14.528,57108,14.1,14.61,14.02
12/03/2015,14.077,45309,13.975,14.145,13.805
12/02/2015,14.009,34266,14.165,14.21,13.9
12/01/2015,14.083, N/A,14.083,14.083,14.083
11/30/2015,14.086,27095,14.045,14.18,13.975
11/27/2015,14.048,51271,14.275,14.375,13.93
11/25/2015,14.175,3133,14.17,14.25,14.115
11/24/2015,14.188,26707,14.11,14.3,14.05
11/23/2015,14.061,26125,14.115,14.185,13.89
11/20/2015,14.126,15849,14.265,14.395,14.07
11/19/2015,14.253,11177,14.155,14.4,14.125
11/18/2015,14.081,46404,14.16,14.21,13.99
11/17/2015,14.171,45781,14.22,14.25,14.08
11/16/2015,14.222,41898,14.265,14.42,14.17
11/13/2015,14.204,38717,14.25,14.35,14.14
11/12/2015,14.225,65687,14.275,14.465,14.155
11/11/2015,14.263, N/A,14.29,14.263,14.263
11/10/2015,14.356,54931,14.515,14.555,14.265
11/09/2015,14.413,48624,14.73,14.76,14.395
11/06/2015,14.691,53181,14.96,15.045,14.685
11/05/2015,14.983,40185,15.065,15.09,14.91
11/04/2015,15.058,38268,15.075,15.325,15.025
11/03/2015,15.239,34123,15.4,15.45,15.2
11/02/2015,15.408,39586,15.535,15.55,15.25
10/30/2015,15.567,38106,15.6,15.655,15.475
10/29/2015,15.55,60549,15.935,16.01,15.535
10/28/2015,16.293,68814,15.905,16.37,15.72
10/27/2015,15.863,26860,15.84,15.95,15.78
10/26/2015,15.905,24404,15.845,15.98,15.77
10/23/2015,15.827,46786,15.815,16.1,15.705
10/22/2015,15.837,32731,15.68,15.91,15.64
10/21/2015,15.71,38543,15.9,15.94,15.61
10/20/2015,15.917,36338,15.83,15.965,15.74
10/19/2015,15.841,34847,15.835,16.04,15.735
10/16/2015,16.114,31670,16.12,16.165,15.935
10/15/2015,16.164, N/A,16.164,16.164,16.164
10/14/2015,16.117,55252,16.14,16.195,15.79
10/13/2015,15.907,38237,15.815,15.985,15.615
10/12/2015,15.864,35623,15.83,16.075,15.765
10/09/2015,15.818,40156,15.68,16.01,15.585
10/08/2015,15.766,56910,16.055,16.08,15.375
10/07/2015,16.094,41392,16.04,16.115,15.82
10/06/2015,15.984,56311,15.62,16.09,15.57
10/05/2015,15.708,57868,15.25,15.73,15.1
10/02/2015,15.263,67092,14.49,15.3,14.36
10/01/2015,14.511,27320,14.5,14.67,14.43
09/30/2015,14.518,36029,14.605,14.725,14.435
09/29/2015,14.573,32011,14.585,14.7,14.455
09/28/2015,14.538,54715,15.07,15.11,14.47
09/25/2015,15.111,28655,15.07,15.185,14.945
09/24/2015,15.13,44699,14.765,15.18,14.745
09/23/2015,14.789,25265,14.765,14.91,14.685
09/22/2015,14.756,44587,15.18,15.22,14.695
09/21/2015,15.221,21582,15.165,15.245,15.08
09/18/2015,15.163,45221,15.12,15.435,15.015
09/17/2015,14.984,41177,14.925,15.275,14.77
09/16/2015,14.885,49373,14.905,14.965,14.31
09/15/2015,14.326,20467,14.365,14.41,14.24
09/14/2015,14.363,24163,14.555,14.59,14.31
9/11/2015,14.505,39150,14.685,14.745,14.25
9/10/2015,14.645,32515,14.59,14.845,14.535
9/09/2015,14.576,33908,14.6,14.93,14.56
9/08/2015,14.755,40908,14.49,14.88,14.44
9/04/2015,14.549,1776,14.55,14.67,14.55
9/03/2015,14.707,31493,14.66,14.95,14.55
9/02/2015,14.667,36535,14.585,14.815,14.425
9/01/2015,14.62,35961,14.595,14.755,14.495
08/31/2015,14.586,29289,14.58,14.67,14.39
08/28/2015,14.549,45284,14.505,14.67,14.35
08/27/2015,14.437,51802,14.14,14.585,14.075
08/26/2015,14.078,34627,14.72,14.745,13.95
08/25/2015,14.651,36267,14.835,14.96,14.56
08/24/2015,14.798,38165,15.37,15.44,14.595
08/21/2015,15.348,17639,15.59,15.77,15.155
08/20/2015,15.562,12717,15.31,15.605,15.31
08/19/2015,15.222,13459,14.9,15.355,14.84
08/18/2015,14.79,61939,15.3,15.325,14.68
08/17/2015,15.298,29737,15.225,15.375,15.18
08/14/2015,15.213,45533,15.4,15.585,15.14
08/13/2015,15.399,45745,15.515,15.555,15.265
8/12/2015,15.476,65114,15.29,15.57,15.125
8/11/2015,15.284,61470,15.23,15.38,15.065
8/10/2015,15.292,55792,14.75,15.375,14.705
8/07/2015,14.821,60346,14.63,14.99,14.565
8/06/2015,14.677,32174,14.63,14.735,14.49
8/05/2015,14.553,34030,14.545,14.675,14.465
8/04/2015,14.557,34284,14.45,14.625,14.345
8/03/2015,14.515,37306,14.45,14.765,14.39
07/31/2015,14.745,45356,14.695,14.97,14.51
07/30/2015,14.696,31781,14.775,14.815,14.58
07/29/2015,14.743,35542,14.64,14.9,14.57
07/28/2015,14.642,25765,14.515,14.675,14.51
07/27/2015,14.605,30574,14.69,14.74,14.495
07/24/2015,14.488,52295,14.615,14.71,14.33
07/23/2015,14.701,27544,14.74,14.96,14.545
07/22/2015,14.73,33829,14.81,14.865,14.585
07/21/2015,14.785,29820,14.8,14.93,14.615
07/20/2015,14.758,58261,14.83,14.98,14.49
07/17/2015,14.834,26307,14.955,15.005,14.795
07/16/2015,14.984,29358,15.06,15.145,14.845
07/15/2015,15.048,34057,15.325,15.36,14.96
07/14/2015,15.315,26505,15.48,15.48,15.235
07/13/2015,15.457,36339,15.555,15.9,15.27
7/10/2015,15.481,28841,15.375,15.635,15.34
7/09/2015,15.361,44751,15.11,15.525,14.975
7/08/2015,15.163,63767,15.075,15.22,14.705
7/07/2015,14.969,86856,15.67,15.71,14.62
7/06/2015,15.753,30524,15.7,15.82,15.495
7/02/2015,15.562,156,15.63,15.655,15.63
7/01/2015,15.577,29779,15.615,15.685,15.5
06/30/2015,15.581,55189,15.77,15.84,15.435
06/29/2015,15.695,48676,15.865,16.04,15.66
06/26/2015,15.768,46565,15.84,15.905,15.48
06/25/2015,15.841,31767,15.88,15.94,15.765
06/24/2015,15.89,23581,15.825,15.92,15.76
06/23/2015,15.737,67034,16.135,16.175,15.67
06/22/2015,16.142,49447,16.17,16.23,15.985
06/19/2015,16.109,35550,16.11,16.19,15.87
06/18/2015,16.153,56698,16.075,16.43,16.02
06/17/2015,15.947,38139,15.965,16.25,15.885
06/16/2015,15.965,33029,15.975,16.105,15.85
06/15/2015,16.083,49088,16.045,16.235,15.81
6/12/2015,15.825,37044,15.98,16.005,15.785
6/11/2015,15.96,48594,15.96,16.04,15.77
6/10/2015,15.959,43443,15.91,16.19,15.895
6/09/2015,15.957,41991,15.92,16.135,15.905
6/08/2015,15.959,44224,16.04,16.11,15.88
6/05/2015,15.984,56918,16.065,16.16,15.925
6/04/2015,16.103,52050,16.48,16.5,16.065
6/03/2015,16.48,52698,16.775,16.795,16.375
6/02/2015,16.799,41053,16.725,16.84,16.61
6/01/2015,16.68,54857,16.695,17.17,16.59
05/29/2015,16.701,28815,16.67,16.85,16.64
05/28/2015,16.669,34408,16.675,16.775,16.54
05/27/2015,16.647,29582,16.735,16.81,16.58
05/26/2015,16.746,47251,17.13,17.18,16.645
05/22/2015,17.051,30191,17.14,17.335,16.94
05/21/2015,17.132,20212,17.1,17.25,17
05/20/2015,17.113,33615,17.095,17.28,16.935
05/19/2015,17.071,57554,17.705,17.735,16.87
05/18/2015,17.732,38468,17.535,17.775,17.475
05/15/2015,17.563,45108,17.46,17.585,17.205
05/14/2015,17.465,60078,17.16,17.585,17.07
05/13/2015,17.221,70598,16.52,17.235,16.48
5/12/2015,16.526,37568,16.285,16.595,16.12
5/11/2015,16.314,33214,16.275,16.55,16.2
5/08/2015,16.465,32703,16.305,16.555,16.26
5/07/2015,16.297,35468,16.33,16.555,16.16
5/06/2015,16.506,29972,16.54,16.65,16.385
5/05/2015,16.579,31392,16.4,16.705,16.345
5/04/2015,16.441,43204,16.13,16.765,16.125
5/01/2015,16.135,31596,16.145,16.26,15.895
04/30/2015,16.153,60368,16.575,16.73,15.8
04/29/2015,16.702,54186,16.62,16.725,16.415
04/28/2015,16.63,48232,16.41,16.7,16.325
04/27/2015,16.439,39851,15.74,16.49,15.72
04/24/2015,15.68,32768,15.91,15.925,15.595
04/23/2015,15.829,43528,15.76,15.92,15.705
04/22/2015,15.796,50789,15.965,16.075,15.655
04/21/2015,16.008,51601,15.92,16.165,15.86
04/20/2015,15.889,51963,16.275,16.34,15.82
04/17/2015,16.229,39170,16.26,16.49,16.185
04/16/2015,16.284,41823,16.25,16.475,16.1
04/15/2015,16.279,40021,16.145,16.37,16.045
04/14/2015,16.161,44012,16.28,16.34,15.955
04/13/2015,16.291,34341,16.275,16.51,16.225
4/10/2015,16.382,47952,16.14,16.65,16.14
4/09/2015,16.176,43462,16.5,16.51,16.105
4/08/2015,16.454,47267,16.845,16.905,16.37
4/07/2015,16.84,29012,16.96,16.975,16.73
4/06/2015,17.11,33115,16.995,17.31,16.935
4/02/2015,16.701,37297,16.935,17,16.57
4/01/2015,17.059,41610,16.62,17.075,16.5
03/31/2015,16.598,34612,16.705,16.82,16.435
03/30/2015,16.674,30764,16.735,16.99,16.625
03/27/2015,17.069,38372,17.085,17.195,16.855
03/26/2015,17.14,43164,16.97,17.405,16.91
03/25/2015,17,28645,16.935,17.14,16.84
03/24/2015,16.983,33609,16.995,17.04,16.805
03/23/2015,16.891,41730,16.755,17.09,16.61
03/20/2015,16.883,57332,16.125,16.89,16.08
03/19/2015,16.114,38709,15.93,16.205,15.795
03/18/2015,15.541,37265,15.53,16.095,15.43
03/17/2015,15.578,33602,15.625,15.72,15.36
03/16/2015,15.617,25648,15.63,15.755,15.49
03/13/2015,15.494,22232,15.565,15.66,15.455
3/12/2015,15.516,28398,15.485,15.685,15.385
3/11/2015,15.365,39242,15.625,15.73,15.26
3/10/2015,15.633,32569,15.72,15.825,15.58
3/09/2015,15.776,23779,15.93,15.96,15.705
3/06/2015,15.807,41153,16.185,16.235,15.745
3/05/2015,16.158,21783,16.22,16.355,16.14
3/04/2015,16.158, N/A,16.158,16.158,16.158
3/03/2015,16.296,39605,16.405,16.58,16.07
3/02/2015,16.451,26128,16.575,16.79,16.35
02/27/2015,16.558,27257,16.565,16.7,16.425
02/26/2015,16.624,40071,16.535,16.905,16.52
02/25/2015,16.474,39629,16.295,16.75,16.295
02/24/2015,16.233,21641,16.34,16.505,16.085
02/23/2015,16.299,18201,16.33,16.635,16.115
02/20/2015,16.273,44160,16.345,16.555,16.16
02/19/2015,16.381,38470,16.445,16.77,16.32
02/18/2015,16.265,48903,16.48,16.575,16.23
02/17/2015,16.378,78581,17.27,17.4,16.26
02/13/2015,17.294,48520,16.84,17.43,16.835
2/12/2015,16.794,39069,16.795,17.04,16.605
2/11/2015,16.761,39653,16.93,17.075,16.71
2/10/2015,16.873,38057,16.91,17.095,16.715
2/09/2015,17.07,38369,16.785,17.145,16.685
2/06/2015,16.694,58424,17.28,17.37,16.545
2/05/2015,17.196,39138,17.335,17.5,16.92
2/04/2015,17.395, N/A,17.395,17.395,17.395
2/03/2015,17.321,48990,17.24,17.75,17.07
2/02/2015,17.251,30450,17.155,17.34,16.995
01/30/2015,17.208,43267,16.94,17.32,16.815
