date,close,change%,open,volume
2020-12-18,22871.419922,0.12,22843.916016,67457589248.0
2020-12-17,22805.162109,7.025,21308.351563,71378606374.0
2020-12-16,21310.597656,9.742,19418.818359,44409011479.0
2020-12-15,19417.076172,0.884,19246.919922,26741982541.0
2020-12-14,19246.644531,0.534,19144.492188,22473997681.0
2020-12-13,19142.382813,1.785,18806.765625,25450468637.0
2020-12-12,18803.65625,4.168,18051.320313,21752580802.0
2020-12-11,18058.904297,-1.123,18263.929688,27919640985.0
2020-12-10,18264.992188,-1.554,18553.298828,25547132265.0
2020-12-09,18553.916016,1.272,18320.884766,34420373071.0
2020-12-08,18321.144531,-4.535,19191.529297,31692288756.0
2020-12-07,19191.630859,-0.783,19343.128906,26896357742.0
2020-12-06,19345.121094,0.997,19154.179688,25293775714.0
2020-12-05,19154.230469,2.438,18698.384766,27242455063.0
2020-12-04,18699.765625,-3.842,19446.966797,33872388057.0
2020-12-03,19445.398438,1.247,19205.925781,31930317405.0
2020-12-02,19201.091797,2.124,18801.744141,37387697138.0
2020-12-01,18802.998047,-4.231,19633.769531,49633658712.0
2020-11-30,19625.835938,7.963,18178.322266,47728480399.0
2020-11-29,18177.484375,2.584,17719.634766,31133957704.0
2020-11-28,17717.414063,3.532,17112.933594,32601040733.0
2020-11-27,17108.402344,-0.265,17153.914063,38886494645.0
2020-11-26,17150.623047,-8.432,18729.839844,61396835736.0
2020-11-25,18732.121094,-1.949,19104.410156,43710357371.0
2020-11-24,19107.464844,4.043,18365.015625,51469565008.0
2020-11-23,18364.121094,-0.032,18370.017578,42741112307.0
2020-11-22,18370.001953,-1.46,18642.232422,41280434225.0
2020-11-21,18642.232422,0.112,18621.316406,39650210707.0
2020-11-20,18621.314453,4.514,17817.083984,36992873939.0
2020-11-19,17817.089844,0.074,17803.861328,36985055355.0
2020-11-18,17804.005859,0.9,17645.191406,49064800277.0
2020-11-17,17645.40625,5.752,16685.691406,39006849169.0
2020-11-16,16716.111328,4.767,15955.577148,31526766675.0
2020-11-15,15955.587891,-0.7,16068.139648,23653867582.0
2020-11-14,16068.138672,-1.53,16317.808594,27481710135.0
2020-11-13,16317.808594,0.254,16276.44043,31599492172.0
2020-11-12,16276.34375,3.662,15701.298828,34175758344.0
2020-11-11,15701.339844,2.684,15290.90918,29772374934.0
2020-11-10,15290.902344,-0.27,15332.350586,25574938143.0
2020-11-09,15332.31543,-0.951,15479.595703,34149115565.0
2020-11-08,15479.567383,4.354,14833.753906,26632075028.0
2020-11-07,14833.753906,-4.703,15565.880859,35024953705.0
2020-11-06,15565.880859,-0.089,15579.729492,39837841971.0
2020-11-05,15579.848633,10.232,14133.733398,40856321438.0
2020-11-04,14133.707031,1.313,13950.488281,35116364961.0
2020-11-03,13950.300781,2.951,13550.451172,29869951617.0
2020-11-02,13550.489258,-1.358,13737.032227,30771455467.0
2020-11-01,13737.109375,-0.318,13780.995117,24453857900.0
2020-10-31,13780.995117,1.731,13546.532227,30306464718.0
2020-10-30,13546.522461,0.809,13437.874023,30581485200.0
2020-10-29,13437.882813,1.255,13271.298828,56499499598.0
2020-10-28,13271.285156,-2.804,13654.214844,35867318894.0
2020-10-27,13654.21875,4.428,13075.242188,33749878155.0
2020-10-26,13075.248047,0.338,13031.201172,29461458313.0
2020-10-25,13031.173828,-0.587,13108.063477,24406920575.0
2020-10-24,13108.0625,1.365,12931.574219,24542317939.0
2020-10-23,12931.539063,-0.308,12971.548828,28974975002.0
2020-10-22,12965.891602,1.283,12801.635742,34729759598.0
2020-10-21,12823.689453,7.644,11913.077148,43414712626.0
2020-10-20,11916.334961,1.45,11745.974609,30915821592.0
2020-10-19,11742.037109,2.149,11495.038086,23860769927.0
2020-10-18,11483.359375,1.122,11355.982422,18283314340.0
2020-10-17,11358.101563,0.318,11322.123047,19130430173.0
2020-10-16,11322.123047,-1.571,11502.828125,25635480771.0
2020-10-15,11495.349609,0.602,11426.602539,24487233057.0
2020-10-14,11429.506836,0.004,11429.047852,24103426719.0
2020-10-13,11425.899414,-1.063,11548.719727,24241420250.0
2020-10-12,11555.363281,1.428,11392.635742,26163972641.0
2020-10-11,11384.181641,0.78,11296.082031,19968627059.0
2020-10-10,11296.361328,2.145,11059.142578,22877978587.0
2020-10-09,11079.46582,1.41,10925.444336,22593173917.0
2020-10-08,10923.62793,2.304,10677.625,21962121001.0
2020-10-07,10679.136719,0.559,10619.803711,17634388529.0
2020-10-06,10621.664063,-1.649,10799.77832,22264958686.0
2020-10-05,10804.000977,1.085,10688.03418,19385191766.0
2020-10-04,10684.428711,1.102,10567.919922,17546792791.0
2020-10-03,10565.493164,-0.173,10583.806641,17094010304.0
2020-10-02,10585.164063,-0.369,10624.390625,23127839259.0
2020-10-01,10623.330078,-1.499,10785.010742,27178227815.0
2020-09-30,10787.618164,-0.533,10845.411133,20759622010.0
2020-09-29,10848.830078,1.273,10712.462891,20459870042.0
2020-09-28,10721.327148,-0.467,10771.641602,22720365389.0
2020-09-27,10774.426758,0.2,10752.939453,18016880214.0
2020-09-26,10754.4375,0.488,10702.237305,18105012128.0
2020-09-25,10702.290039,-0.42,10747.472656,21232549821.0
2020-09-24,10745.548828,5.065,10227.479492,23017536742.0
2020-09-23,10225.864258,-2.975,10539.457031,22986733997.0
2020-09-22,10538.459961,0.754,10459.624023,23621787804.0
2020-09-21,10462.259766,-4.323,10934.925781,28884999244.0
2020-09-20,10938.271484,-1.42,11095.870117,24699523788.0
2020-09-19,11094.34668,1.469,10933.75293,22764204008.0
2020-09-18,10944.585938,-0.066,10951.820313,26341903912.0
2020-09-17,10948.990234,-0.221,10973.251953,38151810523.0
2020-09-16,10974.905273,1.641,10797.761719,30769986455.0
2020-09-15,10796.951172,1.116,10677.754883,32509451925.0
2020-09-14,10680.837891,3.409,10328.734375,35453581940.0
2020-09-13,10323.755859,-1.231,10452.399414,36506852789.0
2020-09-12,10442.170898,0.31,10409.861328,36750077324.0
2020-09-11,10400.915039,0.308,10369.02832,45201121775.0
2020-09-10,10363.138672,1.18,10242.330078,54406443211.0
2020-09-09,10242.347656,1.068,10134.151367,24128292755.0
2020-09-08,10131.516602,-2.293,10369.306641,33430927462.0
2020-09-07,10369.563477,0.861,10280.998047,33703098409.0
2020-09-06,10280.351563,1.113,10167.216797,37071460174.0
2020-09-05,10169.567383,-3.262,10512.530273,44916565292.0
2020-09-04,10511.813477,2.751,10230.365234,29965130374.0
2020-09-03,10245.296875,-10.186,11407.191406,31927261555.0
2020-09-02,11414.03418,-4.603,11964.823242,28037405299.0
2020-09-01,11970.478516,2.493,11679.316406,27311555343.0
2020-08-31,11680.820313,-0.277,11713.306641,22285928250.0
2020-08-30,11711.505859,1.762,11508.713867,19760127945.0
2020-08-29,11506.865234,-0.296,11541.054688,17485597759.0
2020-08-28,11542.5,1.918,11325.295898,19807127588.0
2020-08-27,11323.397461,-1.412,11485.608398,23240415076.0
2020-08-26,11488.363281,1.069,11366.894531,22466660958.0
2020-08-25,11366.134766,-3.461,11773.588867,26301509932.0
2020-08-24,11774.595703,0.951,11663.689453,20681511755.0
2020-08-23,11664.847656,-0.127,11679.696289,18482062658.0
2020-08-22,11681.825195,0.832,11585.477539,20224191306.0
2020-08-21,11592.489258,-2.404,11878.026367,23762425999.0
2020-08-20,11878.37207,0.994,11761.5,20175242945.0
2020-08-19,11758.283203,-1.94,11990.884766,24502851117.0
2020-08-18,11991.233398,-2.128,12251.895508,26043227672.0
2020-08-17,12254.402344,3.016,11895.658203,28227687027.0
2020-08-16,11892.803711,0.22,11866.685547,20583375490.0
2020-08-15,11865.698242,0.824,11768.697266,23354924400.0
2020-08-14,11768.871094,-0.032,11772.65918,24237958589.0
2020-08-13,11784.137695,1.689,11588.405273,27522199497.0
2020-08-12,11584.93457,1.581,11404.59668,25064548486.0
2020-08-11,11410.525391,-3.965,11881.647461,27039782640.0
2020-08-10,11878.111328,1.851,11662.256836,26114112569.0
2020-08-09,11675.739258,-0.525,11737.325195,17489608833.0
2020-08-08,11754.045898,1.288,11604.553711,17572057837.0
2020-08-07,11601.472656,-1.506,11778.894531,23132312867.0
2020-08-06,11779.773438,0.254,11749.871094,23400740340.0
2020-08-05,11747.022461,4.848,11203.823242,24411254471.0
2020-08-04,11227.791992,-0.148,11244.378906,21931012096.0
2020-08-03,11246.348633,1.834,11043.768555,20271713443.0
2020-08-02,11053.614258,-5.997,11758.764648,27410067336.0
2020-08-01,11759.592773,3.86,11322.570313,26075670303.0
2020-07-31,11323.466797,1.919,11110.210938,23160469766.0
2020-07-30,11111.213867,0.103,11099.833008,22857247901.0
2020-07-29,11100.467773,1.718,10912.953125,24617249715.0
2020-07-28,10912.823242,-0.95,11017.463867,28766551142.0
2020-07-27,10990.873047,10.96,9905.217773,35359749590.0
2020-07-26,9905.166992,2.324,9680.234375,20507998997.0
2020-07-25,9677.113281,1.443,9539.485352,16610070933.0
2020-07-24,9536.892578,-0.507,9585.514648,16552768325.0
2020-07-23,9581.072266,0.566,9527.141602,18146399002.0
2020-07-22,9525.363281,1.603,9375.080078,16532254884.0
2020-07-21,9374.887695,2.318,9162.514648,18069581955.0
2020-07-20,9164.231445,-0.25,9187.220703,13755604145.0
2020-07-19,9185.817383,0.304,9158.005859,12939002784.0
2020-07-18,9159.040039,0.086,9151.183594,12252601474.0
2020-07-17,9151.392578,0.214,9131.8125,13944570749.0
2020-07-16,9132.227539,-0.65,9191.980469,15713967522.0
2020-07-15,9192.836914,-0.531,9241.897461,15844731575.0
2020-07-14,9243.213867,0.049,9238.703125,18085038362.0
2020-07-13,9243.614258,-0.362,9277.205078,17519821266.0
2020-07-12,9276.5,0.384,9241.054688,14452361906.0
2020-07-11,9240.34668,-0.401,9277.511719,13249910444.0
2020-07-10,9278.807617,0.059,9273.357422,16860035604.0
2020-07-09,9277.967773,-1.591,9427.994141,18000702524.0
2020-07-08,9428.333008,1.895,9253.020508,19702359882.0
2020-07-07,9252.277344,-1.036,9349.161133,13839652594.0
2020-07-06,9375.474609,3.336,9072.849609,17889263251.0
2020-07-05,9073.942383,-0.571,9126.09082,12903406143.0
2020-07-04,9132.488281,0.531,9084.233398,12290528515.0
2020-07-03,9087.303711,-0.411,9124.842773,13078970998.0
2020-07-02,9123.410156,-1.167,9231.139648,16338916796.0
2020-07-01,9228.325195,0.9,9145.985352,15971550355.0
2020-06-30,9137.993164,-0.518,9185.581055,15735797743.0
2020-06-29,9190.854492,0.556,9140.029297,16460547078.0
2020-06-28,9143.582031,1.051,9048.460938,14560870760.0
2020-06-27,9045.390625,-1.335,9167.824219,17273093144.0
2020-06-26,9162.917969,-1.059,9260.995117,18341465836.0
2020-06-25,9264.813477,-0.529,9314.126953,18616048626.0
2020-06-24,9313.610352,-3.307,9632.149414,18961716075.0
2020-06-23,9629.658203,-0.15,9644.076172,17006433272.0
2020-06-22,9648.717773,3.739,9300.915039,21104009513.0
2020-06-21,9303.629883,-0.293,9330.926758,15324301168.0
2020-06-20,9332.34082,0.445,9290.959961,17130541557.0
2020-06-19,9288.018555,-1.299,9410.293945,19632223107.0
2020-06-18,9411.84082,-0.735,9481.567383,17770083002.0
2020-06-17,9480.254883,-0.561,9533.78418,20177709879.0
2020-06-16,9538.024414,0.886,9454.266602,21565537208.0
2020-06-15,9450.702148,0.689,9386.035156,26699704768.0
2020-06-14,9386.788086,-0.958,9477.553711,18991732745.0
2020-06-13,9475.277344,-0.058,9480.735352,17564322315.0
2020-06-12,9480.84375,1.718,9320.69043,22610564515.0
2020-06-11,9321.78125,-5.555,9870.078125,30247143440.0
2020-06-10,9870.094727,0.776,9794.119141,25706567600.0
2020-06-09,9795.700195,0.218,9774.360352,23717842782.0
2020-06-08,9771.489258,0.117,9760.063477,21486346311.0
2020-06-07,9758.852539,1.097,9653.00293,25015250845.0
2020-06-06,9653.679688,-0.116,9664.904297,20438419222.0
2020-06-05,9665.533203,-1.374,9800.21582,23509628646.0
2020-06-04,9800.636719,1.499,9655.854492,25921805071.0
2020-06-03,9656.717773,1.29,9533.760742,25007459262.0
2020-06-02,9529.803711,-6.23,10162.973633,39137252108.0
2020-06-01,10167.268555,7.435,9463.605469,35198901068.0
2020-05-31,9461.058594,-2.464,9700.105469,27773290298.0
2020-05-30,9700.414063,2.77,9438.914063,32722975141.0
2020-05-29,9439.124023,-0.936,9528.355469,32896642044.0
2020-05-28,9525.750977,3.71,9184.945313,34367073114.0
2020-05-27,9181.017578,3.888,8837.380859,32740536902.0
2020-05-26,8835.052734,-0.837,8909.585938,29584186947.0
2020-05-25,8906.93457,1.375,8786.107422,31288157264.0
2020-05-24,8790.368164,-4.58,9212.283203,32518803299.0
2020-05-23,9209.287109,0.264,9185.0625,27727866811.0
2020-05-22,9182.577148,1.126,9080.334961,29810773699.0
2020-05-21,9081.761719,-4.631,9522.740234,39326160532.0
2020-05-20,9522.981445,-2.081,9725.329102,36546239702.0
2020-05-19,9729.038086,0.02,9727.063477,39254288954.0
2020-05-18,9726.575195,0.526,9675.695313,41827139895.0
2020-05-17,9670.739258,3.155,9374.929688,40084250662.0
2020-05-16,9377.013672,0.469,9333.240234,36164766407.0
2020-05-15,9328.197266,-4.172,9734.291016,48158802327.0
2020-05-14,9733.72168,4.987,9271.329102,56426907637.0
2020-05-13,9269.987305,5.276,8805.387695,45558144023.0
2020-05-12,8804.477539,2.254,8610.385742,42142717533.0
2020-05-11,8601.795898,-1.756,8755.535156,57119858801.0
2020-05-10,8756.430664,-8.703,9591.168945,63325279336.0
2020-05-09,9593.896484,-2.51,9840.90625,46566121841.0
2020-05-08,9842.666016,-0.941,9936.162109,51780748041.0
2020-05-07,9951.518555,7.446,9261.895508,61112700562.0
2020-05-06,9268.761719,2.901,9007.441406,49371886931.0
2020-05-05,9003.070313,1.012,8912.832031,43148462663.0
2020-05-04,8912.654297,0.19,8895.745117,45718796275.0
2020-05-03,8897.46875,-0.959,8983.614258,47101785174.0
2020-05-02,8988.59668,1.348,8869.057617,40134388683.0
2020-05-01,8864.766602,2.214,8672.782227,44068389996.0
2020-04-30,8658.553711,-1.581,8797.669922,66964629541.0
2020-04-29,8801.038086,12.737,7806.712402,60201052202.0
2020-04-28,7807.058594,0.129,7796.970215,33187959920.0
2020-04-27,7795.601074,1.513,7679.418945,36162144724.0
2020-04-26,7679.867188,1.449,7570.13916,33070154490.0
2020-04-25,7569.936035,0.258,7550.48291,32941541446.0
2020-04-24,7550.900879,1.57,7434.181641,34636526285.0
2020-04-23,7429.724609,4.331,7121.306152,43500782316.0
2020-04-22,7117.20752,3.456,6879.44043,33249153865.0
2020-04-21,6880.323242,0.008,6879.78418,32589741510.0
2020-04-20,6881.958496,-4.243,7186.873535,37747113935.0
2020-04-19,7189.424805,-0.985,7260.922363,31311210215.0
2020-04-18,7257.665039,2.332,7092.291504,32447188385.0
2020-04-17,7096.18457,-0.286,7116.552734,32513423567.0
2020-04-16,7116.804199,7.173,6640.454102,46783242376.0
2020-04-15,6642.109863,-2.972,6845.561523,32288311030.0
2020-04-14,6842.427734,-0.012,6843.281738,34110434051.0
2020-04-13,6845.037598,-1.731,6965.616699,38619308647.0
2020-04-12,6971.091797,1.648,6858.067871,35759567632.0
2020-04-11,6859.083008,-0.122,6867.44043,31222085946.0
2020-04-10,6865.493164,-6.001,7303.81543,43622840991.0
2020-04-09,7302.089355,-0.489,7337.966309,34815139177.0
2020-04-08,7334.098633,2.156,7179.283203,37563249548.0
2020-04-07,7176.414551,-1.337,7273.644043,44243482667.0
2020-04-06,7271.78125,7.126,6788.049805,46896904614.0
2020-04-05,6791.129395,-1.041,6862.537598,29510409856.0
2020-04-04,6867.527344,1.917,6738.382813,33185988583.0
2020-04-03,6733.387207,-0.942,6797.396484,38976504902.0
2020-04-02,6793.624512,2.828,6606.776367,47660646124.0
2020-04-01,6606.776367,2.632,6437.319336,40346426265.0
2020-03-31,6438.644531,0.125,6430.606445,32786468812.0
2020-03-30,6429.841797,8.511,5925.538574,37101651525.0
2020-03-29,5922.042969,-5.181,6245.624512,28373690930.0
2020-03-28,6242.193848,-3.48,6467.253906,34885225901.0
2020-03-27,6469.79834,-3.714,6719.38916,34585598366.0
2020-03-26,6716.44043,0.618,6675.170898,35319797641.0
2020-03-25,6681.062988,-0.856,6738.716797,44590107887.0
2020-03-24,6734.803711,4.632,6436.642578,48221910672.0
2020-03-23,6416.314941,10.031,5831.374512,46491915999.0
2020-03-22,5830.254883,-5.744,6185.558105,40099664740.0
2020-03-21,6185.066406,-0.346,6206.521484,42494390879.0
2020-03-20,6198.77832,0.115,6191.653809,54442976102.0
2020-03-19,6191.192871,18.031,5245.416504,51000731797.0
2020-03-18,5238.438477,0.217,5227.11377,37878801016.0
2020-03-17,5225.629395,4.459,5002.578125,38622642935.0
2020-03-16,5014.47998,-6.885,5385.229492,45368026429.0
2020-03-15,5392.314941,3.677,5201.066895,33997889638.0
2020-03-14,5200.366211,-6.688,5573.077637,36154506007.0
2020-03-13,5563.707031,10.879,5017.831055,74156772074.0
2020-03-12,4970.788086,-37.187,7913.616211,53980357243.0
2020-03-11,7911.430176,0.017,7910.089844,38682762604.0
2020-03-10,7909.729492,-0.157,7922.146973,42213940993.0
2020-03-09,7923.644531,-2.312,8111.146484,46936995808.0
2020-03-08,8108.116211,-8.981,8908.206055,39973102120.0
2020-03-07,8909.954102,-2.32,9121.600586,36216930369.0
2020-03-06,9122.545898,0.487,9078.308594,40826885650.0
2020-03-05,9078.762695,3.635,8760.285156,39698054597.0
2020-03-04,8755.246094,-0.379,8788.541992,34746706368.0
2020-03-03,8787.786133,-0.875,8865.387695,42386715820.0
2020-03-02,8869.669922,3.578,8563.264648,42857674408.0
2020-03-01,8562.454102,-0.434,8599.758789,35349164300.0
2020-02-29,8599.508789,-0.827,8671.212891,35792392544.0
2020-02-28,8672.455078,-1.323,8788.728516,44605450442.0
2020-02-27,8784.494141,-0.46,8825.09375,45470195695.0
2020-02-26,8820.522461,-5.545,9338.290039,50420050761.0
2020-02-25,9341.705078,-3.208,9651.3125,42515259129.0
2020-02-24,9650.174805,-2.736,9921.583008,45080496648.0
2020-02-23,9924.515625,2.703,9663.318359,41185185761.0
2020-02-22,9663.181641,-0.253,9687.707031,35838025154.0
2020-02-21,9686.441406,0.777,9611.782227,40930547512.0
2020-02-20,9608.475586,-0.217,9629.325195,44925260236.0
2020-02-19,9633.386719,-5.032,10143.798828,46992019709.0
2020-02-18,10141.996094,4.651,9691.230469,47271023953.0
2020-02-17,9690.142578,-2.48,9936.560547,45998298412.0
2020-02-16,9934.433594,0.458,9889.179688,43374780305.0
2020-02-15,9889.424805,-4.115,10313.856445,43865054831.0
2020-02-14,10312.116211,0.985,10211.550781,43338264161.0
2020-02-13,10214.379883,-1.061,10323.960938,49356071372.0
2020-02-12,10326.054688,1.212,10202.387695,43444303830.0
2020-02-11,10208.236328,3.575,9855.891602,37648059388.0
2020-02-10,9856.611328,-2.56,10115.55957,39386548074.0
2020-02-09,10116.673828,2.563,9863.894531,35807884663.0
2020-02-08,9865.119141,0.736,9793.070313,35172043761.0
2020-02-07,9795.943359,0.719,9726.00293,34522718159.0
2020-02-06,9729.801758,1.164,9617.821289,37628823715.0
2020-02-05,9613.423828,4.682,9183.416016,35222060874.0
2020-02-04,9180.962891,-1.204,9292.841797,29893183716.0
2020-02-03,9293.521484,-0.547,9344.683594,30934096508.0
2020-02-02,9344.365234,-0.484,9389.820313,30835736946.0
2020-02-01,9392.875,0.498,9346.357422,25922656496.0
2020-01-31,9350.529297,-1.659,9508.313477,29432489719.0
2020-01-30,9508.993164,2.071,9316.016602,32378792850.0
2020-01-29,9316.629883,-0.436,9357.470703,30682598115.0
2020-01-28,9358.589844,5.005,8912.524414,34398744402.0
2020-01-27,8909.819336,3.635,8597.308594,28647338393.0
2020-01-26,8596.830078,2.779,8364.410156,22177678795.0
2020-01-25,8367.847656,-0.856,8440.119141,19647331548.0
2020-01-24,8445.43457,0.474,8405.567383,24397913025.0
2020-01-23,8406.515625,-3.158,8680.650391,25770680778.0
2020-01-22,8680.875977,-0.724,8744.210938,22600204050.0
2020-01-21,8745.894531,1.004,8658.991211,24097418512.0
2020-01-20,8657.642578,-0.54,8704.631836,26422375678.0
2020-01-19,8706.245117,-2.63,8941.445313,34217320471.0
2020-01-18,8942.808594,0.175,8927.211914,32337772626.0
2020-01-17,8929.038086,2.336,8725.209961,36372139320.0
2020-01-16,8723.786133,-1.006,8812.481445,31313981930.0
2020-01-15,8807.010742,-0.208,8825.34375,40102834649.0
2020-01-14,8827.764648,8.437,8140.933105,44841784107.0
2020-01-13,8144.194336,-0.557,8189.771973,22482910687.0
2020-01-12,8192.494141,1.982,8033.261719,22903438381.0
2020-01-11,8037.537598,-1.527,8162.190918,25521165085.0
2020-01-10,8166.554199,3.659,7878.307617,28714583843.0
2020-01-09,7879.071289,-2.514,8082.295898,24045990465.0
2020-01-08,8079.862793,-1.006,8161.935547,31672559264.0
2020-01-07,8163.692383,5.085,7768.682129,28767291326.0
2020-01-06,7769.219238,4.841,7410.452148,23276261598.0
2020-01-05,7411.317383,0.012,7410.45166,19725074094.0
2020-01-04,7410.656738,0.889,7345.375488,18444271274.0
2020-01-03,7344.884277,5.161,6984.428711,28111481031.0
2020-01-02,6985.470215,-3.014,7202.55127,20802083465.0
2020-01-01,7200.174316,0.073,7194.89209,18565664996.0
2019-12-31,7193.599121,-1.382,7294.438965,21167946112.0
2019-12-30,7292.995117,-1.715,7420.272949,22874131671.0
2019-12-29,7422.652832,1.435,7317.647461,22445257701.0
2019-12-28,7317.990234,0.397,7289.03125,21365673026.0
2019-12-27,7290.088379,0.718,7238.141113,22777360995.0
2019-12-26,7238.966797,-0.493,7274.799316,22787010034.0
2019-12-25,7275.155762,-0.691,7325.755859,21559505148.0
2019-12-24,7322.532227,-0.433,7354.393066,22991622105.0
2019-12-23,7355.628418,-2.041,7508.902344,27831788041.0
2019-12-22,7511.588867,4.455,7191.188477,23134537956.0
2019-12-21,7191.158691,-0.408,7220.59375,19312552168.0
2019-12-20,7218.816406,0.141,7208.636719,22633815180.0
2019-12-19,7202.844238,-1.027,7277.59082,25904604415.0
2019-12-18,7276.802734,9.463,6647.698242,31836522778.0
2019-12-17,6640.515137,-4.195,6931.31543,22363804217.0
2019-12-16,6932.480469,-3.092,7153.663086,20213265949.0
2019-12-15,7152.301758,0.394,7124.239746,16881129804.0
2019-12-14,7124.673828,-1.984,7268.902832,17137029729.0
2019-12-13,7269.68457,0.345,7244.662109,17125736940.0
2019-12-12,7243.134277,0.366,7216.73877,18927080224.0
2019-12-11,7217.427246,-0.821,7277.197754,16350490689.0
2019-12-10,7278.119629,-1.609,7397.134277,18249031194.0
2019-12-09,7400.899414,-2.128,7561.79541,17872021272.0
2019-12-08,7564.345215,0.172,7551.338867,15409908086.0
2019-12-07,7556.237793,0.119,7547.265625,15453520564.0
2019-12-06,7546.996582,1.294,7450.561523,18104466306.0
2019-12-05,7448.307617,2.689,7253.241699,18816085231.0
2019-12-04,7252.034668,-0.93,7320.125,21664240918.0
2019-12-03,7320.145508,-0.052,7323.975586,14797485769.0
2019-12-02,7321.988281,-1.375,7424.036133,17082040705.0
2019-12-01,7424.29248,-1.946,7571.616211,18720708479.0
2019-11-30,7569.629883,-2.504,7764.057129,17158194786.0
2019-11-29,7761.243652,3.944,7466.727051,19709695455.0
2019-11-28,7463.105957,-0.978,7536.820313,19050116751.0
2019-11-27,7531.663574,4.304,7220.880859,23991412764.0
2019-11-26,7218.371094,1.025,7145.15918,21129505542.0
2019-11-25,7146.133789,1.508,7039.977051,42685231261.0
2019-11-24,7047.916992,-4.74,7398.633789,30433517289.0
2019-11-23,7397.796875,1.393,7296.164551,21008924417.0
2019-11-22,7296.577637,-4.54,7643.569336,34242315784.0
2019-11-21,7642.75,-4.747,8023.644531,22514243371.0
2019-11-20,8027.268066,-2.15,8203.613281,20764300436.0
2019-11-19,8206.145508,-1.192,8305.134766,21083613815.0
2019-11-18,8309.286133,-3.087,8573.980469,21579470673.0
2019-11-17,8577.975586,0.333,8549.470703,18668638896.0
2019-11-16,8550.760742,0.702,8491.166016,16495389808.0
2019-11-15,8491.992188,-2.455,8705.708008,21796856471.0
2019-11-14,8708.094727,-1.178,8811.936523,19084739974.0
2019-11-13,8808.262695,-0.043,8812.033203,17545755404.0
2019-11-12,8815.662109,0.638,8759.751953,20309769107.0
2019-11-11,8757.788086,-3.303,9056.917969,20265510765.0
2019-11-10,9055.526367,2.758,8812.489258,20587919881.0
2019-11-09,8813.582031,0.047,8809.46875,17578630605.0
2019-11-08,8804.880859,-4.97,9265.368164,24333037836.0
2019-11-07,9267.561523,-0.907,9352.393555,22700383838.0
2019-11-06,9360.879883,0.214,9340.864258,23133895764.0
2019-11-05,9342.527344,-0.749,9413.004883,26198609047.0
2019-11-04,9412.612305,1.917,9235.607422,26170255634.0
2019-11-03,9235.354492,-0.959,9324.787109,21132220847.0
2019-11-02,9324.717773,0.701,9259.783203,21242676385.0
2019-11-01,9261.104492,0.73,9193.992188,24324691031.0
2019-10-31,9199.584961,-0.031,9202.458008,26583653946.0
2019-10-30,9205.726563,-2.3,9422.462891,27706531577.0
2019-10-29,9427.6875,1.938,9248.44043,28426779937.0
2019-10-28,9256.148438,-3.23,9565.101563,30948255331.0
2019-10-27,9551.714844,3.354,9241.707031,32593129500.0
2019-10-26,9244.972656,6.662,8667.577148,44496255608.0
2019-10-25,8660.700195,15.619,7490.703125,28705065488.0
2019-10-24,7493.48877,-0.216,7509.728027,16268708848.0
2019-10-23,7514.671875,-6.953,8076.228516,21942878957.0
2019-10-22,8078.203125,-2.004,8243.402344,16803377856.0
2019-10-21,8243.720703,0.226,8225.115234,15868748865.0
2019-10-20,8222.078125,2.804,7997.807129,15504249442.0
2019-10-19,7988.560547,0.185,7973.803711,13797825640.0
2019-10-18,7973.20752,-1.577,8100.933594,15651592610.0
2019-10-17,8103.911133,0.697,8047.8125,14313052244.0
2019-10-16,8047.526855,-1.915,8204.674805,16071646995.0
2019-10-15,8205.369141,-2.007,8373.458008,15220412631.0
2019-10-14,8374.686523,0.647,8320.832031,15151387859.0
2019-10-13,8321.005859,-0.191,8336.902344,13808286058.0
2019-10-12,8336.555664,0.251,8315.665039,14532641604.0
2019-10-11,8321.756836,-3.069,8585.262695,19604381101.0
2019-10-10,8586.473633,0.014,8585.280273,17618660671.0
2019-10-09,8595.740234,4.446,8229.84082,19384942333.0
2019-10-08,8228.783203,-0.219,8246.849609,15592264032.0
2019-10-07,8245.623047,3.211,7989.120605,18009742607.0
2019-10-06,7988.155762,-1.984,8149.876953,13160830305.0
2019-10-05,8151.500488,-0.714,8210.149414,12200497197.0
2019-10-04,8205.939453,-0.648,8259.494141,13139456229.0
2019-10-03,8259.992188,-1.559,8390.774414,13668823409.0
2019-10-02,8393.041992,0.585,8344.212891,13125712442.0
2019-10-01,8343.276367,0.525,8299.720703,15305343412.0
2019-09-30,8293.868164,2.34,8104.226563,17115474183.0
2019-09-29,8104.185547,-1.72,8246.037109,13034629108.0
2019-09-28,8245.915039,-0.065,8251.273438,14141152736.0
2019-09-27,8251.845703,1.71,8113.101074,16408941155.0
2019-09-26,8118.967773,-4.344,8487.669922,19258205289.0
2019-09-25,8486.993164,-1.353,8603.428711,21744728352.0
2019-09-24,8620.566406,-11.396,9729.321289,25002886688.0
2019-09-23,9729.324219,-3.364,10067.962891,15144925408.0
2019-09-22,10070.392578,0.462,10024.115234,13199651698.0
2019-09-21,10019.716797,-1.61,10183.648438,13425266806.0
2019-09-20,10181.641602,-0.825,10266.318359,14734189639.0
2019-09-19,10266.415039,0.646,10200.496094,19937691247.0
2019-09-18,10198.248047,-0.483,10247.795898,16169268880.0
2019-09-17,10241.272461,-0.391,10281.513672,15304603363.0
2019-09-16,10276.793945,-0.681,10347.222656,15160167778.0
2019-09-15,10347.712891,-0.085,10356.46582,12043433567.0
2019-09-14,10358.048828,0.122,10345.40332,13468713124.0
2019-09-13,10360.546875,-0.526,10415.362305,14109864674.0
2019-09-12,10410.126953,2.293,10176.819336,15323563925.0
2019-09-11,10178.37207,0.547,10123.035156,15428063426.0
2019-09-10,10115.975586,-2.133,10336.408203,14906809639.0
2019-09-09,10334.974609,-1.037,10443.228516,17595943367.0
2019-09-08,10441.276367,-0.731,10518.114258,13670567492.0
2019-09-07,10517.254883,1.577,10353.931641,15307366476.0
2019-09-06,10353.302734,-2.126,10578.198242,19536574782.0
2019-09-05,10575.533203,-0.119,10588.183594,14551239507.0
2019-09-04,10594.493164,-0.251,10621.180664,16742664768.0
2019-09-03,10623.540039,2.685,10345.725586,19384917988.0
2019-09-02,10346.760742,6.039,9757.473633,17248102293.0
2019-09-01,9757.970703,1.323,9630.592773,11445355859.0
2019-08-31,9630.664063,0.345,9597.539063,11454806419.0
2019-08-30,9598.173828,0.876,9514.844727,13595263986.0
2019-08-29,9510.200195,-2.527,9756.786133,17045878500.0
2019-08-28,9754.422852,-4.401,10203.426758,17603790323.0
2019-08-27,10185.5,-1.806,10372.826172,14762609502.0
2019-08-26,10370.820313,2.415,10126.299805,18438654079.0
2019-08-25,10138.517578,-0.219,10160.737305,14153856609.0
2019-08-24,10159.960938,-2.38,10407.644531,15451030650.0
2019-08-23,10407.964844,2.68,10136.30957,15627023886.0
2019-08-22,10131.055664,-0.113,10142.521484,17097508856.0
2019-08-21,10138.049805,-5.82,10764.572266,19473084767.0
2019-08-20,10763.232422,-1.403,10916.34668,15053082175.0
2019-08-19,10916.053711,5.466,10350.283203,16038264603.0
2019-08-18,10345.810547,1.102,10233.005859,12999813869.0
2019-08-17,10231.744141,-1.226,10358.722656,13778035685.0
2019-08-16,10374.338867,0.532,10319.419922,20228207096.0
2019-08-15,10311.545898,2.721,10038.421875,22899115082.0
2019-08-14,10051.704102,-7.694,10889.487305,19990838299.0
2019-08-13,10895.830078,-4.297,11385.052734,16681503536.0
2019-08-12,11382.616211,-1.263,11528.189453,13647198229.0
2019-08-11,11523.579102,1.532,11349.740234,15774371517.0
2019-08-10,11354.024414,-4.279,11861.556641,18125355447.0
2019-08-09,11862.936523,-0.757,11953.469727,18339989959.0
2019-08-08,11966.407227,0.103,11954.040039,19481591729.0
2019-08-07,11941.96875,4.059,11476.193359,22194988641.0
2019-08-06,11478.168945,-2.822,11811.544922,23635107659.0
2019-08-05,11805.65332,7.709,10960.735352,23875988832.0
2019-08-04,10970.18457,1.373,10821.632813,16530894786.0
2019-08-03,10821.726563,2.875,10519.27832,15352685060.0
2019-08-02,10518.174805,1.116,10402.042969,17489094081.0
2019-08-01,10399.668945,3.198,10077.442383,17165337857.0
2019-07-31,10085.62793,5.014,9604.050781,16631520647.0
2019-07-30,9607.423828,0.894,9522.329102,13829811132.0
2019-07-29,9519.145508,-0.304,9548.178711,13791445323.0
2019-07-28,9552.860352,0.645,9491.626953,13738687092.0
2019-07-27,9477.677734,-3.986,9871.165039,16817809536.0
2019-07-26,9870.303711,-0.432,9913.126953,14495714483.0
2019-07-25,9911.841797,1.047,9809.09668,15821952090.0
2019-07-24,9811.925781,-0.767,9887.730469,17398734321.0
2019-07-23,9900.767578,-4.31,10346.748047,17851916994.0
2019-07-22,10343.106445,-2.395,10596.948242,16334414913.0
2019-07-21,10599.105469,-1.656,10777.529297,17130580467.0
2019-07-20,10767.139648,2.293,10525.819336,20206615154.0
2019-07-19,10530.732422,-1.157,10653.956055,20727426309.0
2019-07-18,10666.482422,9.981,9698.50293,25187024648.0
2019-07-17,9693.802734,2.35,9471.213867,24569921548.0
2019-07-16,9477.641602,-13.022,10896.65332,24151199069.0
2019-07-15,10895.089844,6.212,10257.838867,25384047206.0
2019-07-14,10256.058594,-9.885,11381.020508,22486000001.0
2019-07-13,11392.378906,-3.562,11813.126953,21042616383.0
2019-07-12,11815.986328,4.066,11354.299805,23534692796.0
2019-07-11,11358.662109,-6.434,12139.713867,28595327690.0
2019-07-10,12156.512695,-3.301,12571.537109,33627574244.0
2019-07-09,12573.8125,2.357,12284.326172,28167921522.0
2019-07-08,12285.958008,7.333,11446.59668,23482551458.0
2019-07-07,11450.84668,2.079,11217.616211,19369044276.0
2019-07-06,11208.550781,2.058,10982.543945,21092024306.0
2019-07-05,10978.459961,-2.005,11203.102539,23838480210.0
2019-07-04,11215.4375,-6.325,11972.71875,25920294033.0
2019-07-03,11961.269531,10.567,10818.15625,30796494293.0
2019-07-02,10801.677734,2.012,10588.683594,31015895222.0
2019-07-01,10583.134766,-1.98,10796.930664,29378589324.0
2019-06-30,10817.155273,-9.343,11931.991211,27256473494.0
2019-06-29,11959.371094,-3.559,12400.763672,29923961127.0
2019-06-28,12407.332031,11.155,11162.167969,35087757765.0
2019-06-27,11182.806641,-14.092,13017.125,39977475222.0
2019-06-26,13016.231445,10.508,11778.581055,45105733173.0
2019-06-25,11790.916992,7.12,11007.202148,24879684533.0
2019-06-24,11011.102539,1.45,10853.744141,19271652364.0
2019-06-23,10855.371094,1.483,10696.691406,20998326501.0
2019-06-22,10701.691406,5.167,10175.923828,29995204860.0
2019-06-21,10144.556641,6.504,9525.074219,20624008643.0
2019-06-20,9527.160156,2.74,9273.060547,17846823783.0
2019-06-19,9273.521484,2.146,9078.727539,15546809946.0
2019-06-18,9081.762695,-2.718,9335.466797,15848210535.0
2019-06-17,9320.352539,3.687,8988.923828,15562951918.0
2019-06-16,8994.488281,1.731,8841.44043,23348550310.0
2019-06-15,8838.375,1.71,8689.746094,18371033226.0
2019-06-14,8693.833008,5.624,8230.898438,19831162905.0
2019-06-13,8230.923828,1.048,8145.54541,18669407147.0
2019-06-12,8145.857422,2.781,7925.434082,19034432883.0
2019-06-11,7927.714355,-0.956,8004.243652,17107279931.0
2019-06-10,8000.32959,4.005,7692.284668,18689275117.0
2019-06-09,7688.077148,-3.291,7949.674805,16610726547.0
2019-06-08,7954.12793,-1.028,8036.774902,16522722809.0
2019-06-07,8043.951172,2.773,7826.901367,19141423230.0
2019-06-06,7822.023438,0.031,7819.633301,19474611077.0
2019-06-05,7824.231445,1.556,7704.343262,21760923463.0
2019-06-04,7707.770996,-6.129,8210.985352,24609731548.0
2019-06-03,8208.995117,-6.094,8741.74707,22004511436.0
2019-06-02,8742.958008,2.072,8565.473633,20266216022.0
2019-06-01,8564.016602,-0.115,8573.839844,22488303543.0
2019-05-31,8574.501953,3.055,8320.286133,25365190957.0
2019-05-30,8319.472656,-3.952,8661.760742,29246528551.0
2019-05-29,8659.487305,-0.678,8718.591797,23473479966.0
2019-05-28,8719.961914,-0.941,8802.757813,24226919266.0
2019-05-27,8805.77832,1.518,8674.072266,27949839563.0
2019-05-26,8673.21582,7.672,8055.206055,26677970091.0
2019-05-25,8052.543945,0.759,7991.885254,22256813106.0
2019-05-24,7987.371582,1.341,7881.695313,25919126990.0
2019-05-23,7881.84668,2.665,7677.269043,24457107820.0
2019-05-22,7680.066406,-3.472,7956.291992,24719473174.0
2019-05-21,7963.327637,-0.184,7977.969238,25127245056.0
2019-05-20,7978.309082,-2.667,8196.923828,23843404339.0
2019-05-19,8197.689453,12.792,7267.962891,25902422039.0
2019-05-18,7271.208008,-0.96,7341.664551,21354286561.0
2019-05-17,7343.895508,-6.885,7886.925781,30066644905.0
2019-05-16,7884.90918,-3.778,8194.500977,33167197581.0
2019-05-15,8205.167969,2.701,7989.374512,28344112919.0
2019-05-14,7994.416016,2.389,7807.884277,32031452226.0
2019-05-13,7814.915039,12.103,6971.178223,28677672181.0
2019-05-12,6972.371582,-3.209,7203.507324,27773333679.0
2019-05-11,7204.771484,12.933,6379.666992,28867562329.0
2019-05-10,6378.849121,3.287,6175.822754,19419875367.0
2019-05-09,6174.528809,3.213,5982.316406,16784645410.0
2019-05-08,5982.45752,2.273,5849.481445,15320605299.0
2019-05-07,5829.501465,1.46,5745.599121,18026409032.0
2019-05-06,5746.807129,-0.775,5791.693359,15737171804.0
2019-05-05,5795.708496,-0.606,5831.068359,14808830722.0
2019-05-04,5831.16748,1.074,5769.202637,17567780765.0
2019-05-03,5768.289551,4.772,5505.552246,18720780005.0
2019-05-02,5505.283691,1.904,5402.422852,14644460907.0
2019-05-01,5402.697266,0.968,5350.914551,13679528236.0
2019-04-30,5350.726563,1.963,5247.726074,13878964573.0
2019-04-29,5247.352539,-0.71,5284.858398,13735490672.0
2019-04-28,5285.13916,0.254,5271.746582,12819992055.0
2019-04-27,5268.291016,-0.212,5279.471191,13111274675.0
2019-04-26,5279.348145,1.325,5210.304688,16812108039.0
2019-04-25,5210.515625,-4.683,5466.524414,15330283408.0
2019-04-24,5464.866699,-1.914,5571.508301,17048033399.0
2019-04-23,5572.361816,3.204,5399.365723,15867308107.0
2019-04-22,5399.365234,1.635,5312.494629,14601631647.0
2019-04-21,5314.53125,-0.4,5335.878906,13731844222.0
2019-04-20,5337.88623,0.636,5304.160645,13169647522.0
2019-04-19,5303.8125,0.107,5298.154297,13780238655.0
2019-04-18,5298.385742,0.893,5251.480469,13256489918.0
2019-04-17,5251.937988,0.302,5236.135254,12438480676.0
2019-04-16,5235.55957,3.335,5066.577637,11618660197.0
2019-04-15,5067.108398,-1.939,5167.321777,12290155060.0
2019-04-14,5167.722168,1.412,5095.758789,10391952498.0
2019-04-13,5096.586426,0.152,5088.850098,10823289598.0
2019-04-12,5089.539063,0.56,5061.200684,13675206312.0
2019-04-11,5064.487793,-4.894,5325.081543,16555616019.0
2019-04-10,5324.551758,2.314,5204.105469,15504590933.0
2019-04-09,5204.958496,-1.606,5289.917969,14722104361.0
2019-04-08,5289.770996,1.73,5199.835449,17154113634.0
2019-04-07,5198.896973,2.688,5062.793945,16655416140.0
2019-04-06,5059.817383,0.457,5036.792969,16929795193.0
2019-04-05,5036.681152,2.313,4922.806152,16837325387.0
2019-04-04,4922.798828,-0.976,4971.307617,18251810239.0
2019-04-03,4973.021973,1.907,4879.958008,22899891582.0
2019-04-02,4879.87793,17.392,4156.919434,21315047816.0
2019-04-01,4158.183105,1.287,4105.362305,10157794170.0
2019-03-31,4105.404297,-0.001,4105.456055,9045122442.0
2019-03-30,4106.660156,0.355,4092.13623,9732688060.0
2019-03-29,4098.374512,0.739,4068.299805,10918665556.0
2019-03-28,4069.107178,-0.452,4087.584473,9353915899.0
2019-03-27,4087.066162,2.581,3984.244873,10897131934.0
2019-03-26,3985.080811,0.399,3969.22876,10707678814.0
2019-03-25,3963.070557,-1.517,4024.112793,10359818882.0
2019-03-24,4022.168213,-0.322,4035.163574,9144851064.0
2019-03-23,4035.826416,0.326,4022.713379,9578850549.0
2019-03-22,4023.968262,-0.113,4028.514648,9252935969.0
2019-03-21,4029.326904,-1.338,4083.953857,10831212661.0
2019-03-20,4087.476318,0.41,4070.793945,10175916388.0
2019-03-19,4071.190186,0.955,4032.691895,9344919956.0
2019-03-18,4032.507324,0.063,4029.968506,9646954186.0
2019-03-17,4025.229004,-0.556,4047.719482,8221625399.0
2019-03-16,4048.72583,2.14,3963.900146,9856166973.0
2019-03-15,3960.911133,0.872,3926.66333,9394210604.0
2019-03-14,3924.369141,0.481,3905.576904,10480789569.0
2019-03-13,3906.717285,-0.162,3913.047363,9469184841.0
2019-03-12,3909.15625,0.138,3903.758301,9809887079.0
2019-03-11,3905.227295,-1.227,3953.740234,10125901902.0
2019-03-10,3951.599854,-0.367,3966.174316,9713267606.0
2019-03-09,3963.313721,1.766,3894.55249,10796103518.0
2019-03-08,3901.131592,-0.309,3913.22583,10638638944.0
2019-03-07,3911.484375,0.208,3903.384766,9584165518.0
2019-03-06,3903.942627,0.176,3897.081055,9175291528.0
2019-03-05,3896.375,3.632,3759.83252,10174126414.0
2019-03-04,3761.557129,-2.172,3845.091553,9029175787.0
2019-03-03,3847.175781,-0.391,3862.266113,7253558152.0
2019-03-02,3864.415039,0.236,3855.318115,7578786075.0
2019-03-01,3859.58374,0.151,3853.75708,7661247975.0
2019-02-28,3854.7854,0.17,3848.261963,8399767798.0
2019-02-27,3851.047363,-0.167,3857.479736,8301309684.0
2019-02-26,3854.35791,-0.628,3878.697266,7931218996.0
2019-02-25,3882.696289,1.988,3807.002441,9318796066.0
2019-02-24,3810.42749,-8.082,4145.458008,10794227451.0
2019-02-23,4142.526855,3.591,3998.91626,8922258315.0
2019-02-22,4005.526611,1.344,3952.406494,7826525254.0
2019-02-21,3954.118164,-1.153,4000.256836,7775128102.0
2019-02-20,3999.820557,1.346,3946.685059,8693373948.0
2019-02-19,3947.094482,0.906,3911.661621,9933626654.0
2019-02-18,3915.714355,6.655,3671.369873,9908216640.0
2019-02-17,3673.836182,1.114,3633.359375,7039512502.0
2019-02-16,3629.787598,0.402,3615.270264,5934744051.0
2019-02-15,3620.810791,0.095,3617.368408,6091952230.0
2019-02-14,3616.880859,-0.394,3631.170166,6271044417.0
2019-02-13,3632.070557,-0.589,3653.604004,6438903822.0
2019-02-12,3653.528564,0.296,3642.751953,6480384531.0
2019-02-11,3648.430664,-1.277,3695.613037,6277056433.0
2019-02-10,3690.188232,0.462,3673.201416,6282256902.0
2019-02-09,3671.203613,-0.01,3671.585938,6158833644.0
2019-02-08,3666.780273,7.803,3401.376465,7735623101.0
2019-02-07,3399.47168,-0.453,3414.929443,5004962682.0
2019-02-06,3413.767822,-1.595,3469.091797,5482196037.0
2019-02-05,3466.357422,0.33,3454.950928,5227549544.0
2019-02-04,3459.154053,-0.232,3467.21167,5332718886.0
2019-02-03,3464.013428,-1.482,3516.139648,5043937583.0
2019-02-02,3521.060791,1.046,3484.625977,5071623600.0
2019-02-01,3487.945313,0.792,3460.547119,5422926707.0
2019-01-31,3457.792725,-0.792,3485.40918,5831198270.0
2019-01-30,3486.181641,1.228,3443.896973,5955112626.0
2019-01-29,3448.116943,-0.598,3468.870117,5897159492.0
2019-01-28,3470.450439,-3.176,3584.283203,6908930483.0
2019-01-27,3583.96582,-0.575,3604.687256,5570752966.0
2019-01-26,3602.460449,0.076,3599.715332,5098183234.0
2019-01-25,3599.765869,-0.211,3607.390381,5265847538.0
2019-01-24,3600.865479,0.457,3584.500244,5262869046.0
2019-01-23,3585.123047,-0.567,3605.557129,5433755648.0
2019-01-22,3604.577148,0.825,3575.081299,5313623556.0
2019-01-21,3576.032471,-0.676,3600.372803,5004347059.0
2019-01-20,3601.013672,-3.34,3725.446045,5582489559.0
2019-01-19,3728.568359,2.086,3652.37793,5955691379.0
2019-01-18,3657.839355,-0.548,3677.990479,5002961726.0
2019-01-17,3678.563965,0.731,3651.871094,5464420383.0
2019-01-16,3655.006836,0.647,3631.509766,5394457144.0
2019-01-15,3630.675293,-1.985,3704.216309,5537192301.0
2019-01-14,3706.052246,4.181,3557.311035,5651384489.0
2019-01-13,3552.953125,-2.895,3658.868164,4681302465.0
2019-01-12,3661.301025,-0.696,3686.973145,4778170882.0
2019-01-11,3687.365479,0.363,3674.015381,5538712864.0
2019-01-10,3678.924561,-8.811,4034.411377,6874143795.0
2019-01-09,4035.296387,0.093,4031.552002,5115905224.0
2019-01-08,4030.8479,0.059,4028.472168,5306593305.0
2019-01-07,4025.248291,-1.308,4078.584961,5228625637.0
2019-01-06,4076.632568,6.259,3836.519043,5597027439.0
2019-01-05,3845.19458,-0.176,3851.973877,5137609823.0
2019-01-04,3857.717529,0.67,3832.040039,4847965467.0
2019-01-03,3836.741211,-2.399,3931.048584,4530215218.0
2019-01-02,3943.409424,2.447,3849.216309,5244856835.0
2019-01-01,3843.52002,2.584,3746.713379,4324200990.0
2018-12-31,3742.700439,-3.21,3866.839111,4661840806.0
2018-12-30,3865.952637,1.14,3822.384766,4770578574.0
2018-12-29,3820.408691,-2.85,3932.491699,4991655917.0
2018-12-28,3923.918701,7.412,3653.131836,5631554348.0
2018-12-27,3654.833496,-5.185,3854.688477,5130222366.0
2018-12-26,3857.297607,0.985,3819.666748,5326547918.0
2018-12-25,3815.490723,-6.507,4081.030518,6158207293.0
2018-12-24,4078.599121,1.957,4000.331787,7240968501.0
2018-12-23,3998.980225,-0.547,4020.994629,6151275489.0
2018-12-22,4014.182617,2.978,3898.08374,5605823232.0
2018-12-21,3896.543701,-5.737,4133.703613,7206015706.0
2018-12-20,4134.441406,10.482,3742.195068,8927129279.0
2018-12-19,3745.950684,1.056,3706.824951,6810689118.0
2018-12-18,3696.059082,4.268,3544.761475,5911325472.0
2018-12-17,3545.864746,8.999,3253.123047,5409247918.0
2018-12-16,3252.839111,0.512,3236.274658,3744248994.0
2018-12-15,3236.761719,-0.223,3243.997559,3551763561.0
2018-12-14,3242.484863,-2.092,3311.751953,4372763663.0
2018-12-13,3313.677246,-4.995,3487.879395,4343372456.0
2018-12-12,3486.950195,1.914,3421.458252,4139364828.0
2018-12-11,3424.588135,-2.086,3497.554688,4696765187.0
2018-12-10,3502.656006,-3.028,3612.046387,5020968740.0
2018-12-09,3614.234375,4.06,3473.227539,4947372847.0
2018-12-08,3476.114746,1.584,3421.9104,5305024497.0
2018-12-07,3419.937256,-2.638,3512.590332,6835615448.0
2018-12-06,3521.101807,-6.206,3754.074463,5878333109.0
2018-12-05,3753.994873,-5.176,3958.894775,5302481573.0
2018-12-04,3956.893799,1.817,3886.294922,5028069239.0
2018-12-03,3894.130859,-6.105,4147.32373,5089570993.0
2018-12-02,4139.87793,-1.449,4200.733398,5262697895.0
2018-12-01,4214.671875,4.726,4024.464355,5375314093.0
2018-11-30,4017.268555,-6.337,4289.088867,6048016716.0
2018-11-29,4278.84668,0.231,4269.004395,6503347767.0
2018-11-28,4257.419922,11.379,3822.469971,7280280000.0
2018-11-27,3820.719971,1.454,3765.949951,5998720000.0
2018-11-26,3779.129883,-5.876,4015.070068,6476900000.0
2018-11-25,4009.969971,3.329,3880.780029,6825640000.0
2018-11-24,3880.76001,-10.74,4347.689941,4679500000.0
2018-11-23,4347.109863,-0.312,4360.700195,4871490000.0
2018-11-22,4365.939941,-5.326,4611.569824,4569370000.0
2018-11-21,4602.169922,3.06,4465.540039,6120120000.0
2018-11-20,4451.870117,-8.472,4863.930176,8428290000.0
2018-11-19,4871.490234,-13.331,5620.779785,7039560000.0
2018-11-18,5623.540039,1.148,5559.740234,4159680000.0
2018-11-17,5554.330078,-0.435,5578.580078,4303150000.0
2018-11-16,5575.549805,-1.236,5645.319824,5279320000.0
2018-11-15,5648.029785,-1.536,5736.149902,7032140000.0
2018-11-14,5738.350098,-9.65,6351.240234,7398940000.0
2018-11-13,6359.490234,-0.215,6373.189941,4503800000.0
2018-11-12,6371.27002,-0.631,6411.759766,4295770000.0
2018-11-11,6411.27002,-0.037,6413.629883,3939060000.0
2018-11-10,6409.220215,0.362,6386.129883,3705320000.0
2018-11-09,6385.620117,-0.884,6442.600098,4346820000.0
2018-11-08,6453.720215,-1.051,6522.27002,4665260000.0
2018-11-07,6530.140137,0.953,6468.5,4941260000.0
2018-11-06,6461.009766,0.429,6433.379883,4700040000.0
2018-11-05,6419.660156,0.881,6363.620117,4174800000.0
2018-11-04,6376.129883,0.167,6365.470215,4390020000.0
2018-11-03,6361.259766,-0.407,6387.240234,3658640000.0
2018-11-02,6388.439941,0.149,6378.919922,4234870000.0
2018-11-01,6377.779785,0.944,6318.140137,3789400000.0
2018-10-31,6317.609863,-0.306,6336.990234,4191240000.0
2018-10-30,6334.27002,-0.044,6337.040039,3781100000.0
2018-10-29,6332.629883,-2.46,6492.350098,4199910000.0
2018-10-28,6486.390137,0.058,6482.660156,3445190000.0
2018-10-27,6480.379883,-0.007,6480.839844,3393250000.0
2018-10-26,6474.75,0.098,6468.439941,3306050000.0
2018-10-25,6476.290039,-0.129,6484.649902,3230550000.0
2018-10-24,6495.839844,0.262,6478.890137,3424670000.0
2018-10-23,6475.740234,0.052,6472.359863,3716150000.0
2018-10-22,6487.160156,0.017,6486.049805,3672860000.0
2018-10-21,6482.350098,-0.119,6490.089844,3253610000.0
2018-10-20,6489.189941,0.438,6460.919922,3379130000.0
2018-10-19,6465.410156,-0.195,6478.069824,3578870000.0
2018-10-18,6476.709961,-1.003,6542.330078,3924080000.0
2018-10-17,6544.430176,-0.699,6590.52002,4088420000.0
2018-10-16,6596.109863,-0.08,6601.410156,4074800000.0
2018-10-15,6596.540039,4.829,6292.640137,7370770000.0
2018-10-14,6290.930176,0.039,6288.490234,3085320000.0
2018-10-13,6285.990234,0.126,6278.080078,3064030000.0
2018-10-12,6274.580078,0.566,6239.25,3783500000.0
2018-10-11,6256.240234,-5.018,6586.740234,5181640000.0
2018-10-10,6585.529785,-0.825,6640.290039,3787650000.0
2018-10-09,6642.640137,-0.157,6653.080078,3580810000.0
2018-10-08,6652.22998,0.788,6600.189941,3979460000.0
2018-10-07,6602.950195,0.186,6590.680176,3306630000.0
2018-10-06,6588.310059,-0.516,6622.450195,3259740000.0
2018-10-05,6622.47998,0.735,6574.149902,3671500000.0
2018-10-04,6576.689941,1.212,6497.910156,3838410000.0
2018-10-03,6502.589844,-0.782,6553.859863,3887310000.0
2018-10-02,6556.100098,-0.563,6593.240234,3979260000.0
2018-10-01,6589.620117,-0.457,6619.850098,4000970000.0
2018-09-30,6625.560059,0.316,6604.709961,4002280000.0
2018-09-29,6601.959961,-0.619,6643.100098,4363690000.0
2018-09-28,6644.129883,-0.518,6678.75,5014430000.0
2018-09-27,6676.75,2.794,6495.290039,4606810000.0
2018-09-26,6495.0,0.654,6452.790039,4437300000.0
2018-09-25,6446.470215,-2.38,6603.640137,4726180000.0
2018-09-24,6595.410156,-1.631,6704.77002,4177310000.0
2018-09-23,6710.629883,-0.07,6715.319824,4197500000.0
2018-09-22,6721.97998,-0.194,6735.049805,4509660000.0
2018-09-21,6734.950195,3.394,6513.870117,6531940000.0
2018-09-20,6519.669922,1.888,6398.850098,4348110000.0
2018-09-19,6398.540039,0.419,6371.850098,4431340000.0
2018-09-18,6371.299805,1.439,6280.910156,4180090000.0
2018-09-17,6281.200195,-3.575,6514.060059,3910780000.0
2018-09-16,6517.180176,-0.298,6536.680176,3273730000.0
2018-09-15,6543.200195,0.519,6509.399902,3216300000.0
2018-09-14,6512.709961,-0.041,6515.410156,4076220000.0
2018-09-13,6517.310059,2.566,6354.240234,4210910000.0
2018-09-12,6351.799805,0.551,6317.009766,4064230000.0
2018-09-11,6321.200195,-0.169,6331.879883,3849910000.0
2018-09-10,6329.700195,0.446,6301.569824,3714100000.0
2018-09-09,6300.859863,1.245,6223.379883,3671890000.0
2018-09-08,6225.97998,-3.625,6460.169922,3835060000.0
2018-09-07,6467.069824,-0.947,6528.919922,4264680000.0
2018-09-06,6529.169922,-3.345,6755.140137,5523470000.0
2018-09-05,6792.830078,-7.724,7361.459961,5800460000.0
2018-09-04,7361.660156,1.358,7263.0,4273640000.0
2018-09-03,7260.060059,-0.261,7279.029785,4087760000.0
2018-09-02,7272.720215,1.156,7189.580078,4329540000.0
2018-09-01,7193.25,2.107,7044.810059,4116050000.0
2018-08-31,7037.580078,0.912,6973.970215,4495650000.0
2018-08-30,6978.22998,-0.93,7043.759766,4463250000.0
2018-08-29,7047.160156,-0.628,7091.709961,4145880000.0
2018-08-28,7096.279785,2.978,6891.080078,4659940000.0
2018-08-27,6884.640137,2.59,6710.799805,4019000000.0
2018-08-26,6707.259766,-0.701,6754.640137,3295500000.0
2018-08-25,6763.189941,0.643,6719.950195,3312600000.0
2018-08-24,6719.959961,2.571,6551.52002,4097820000.0
2018-08-23,6534.879883,2.567,6371.339844,3426180000.0
2018-08-22,6376.709961,-1.689,6486.25,4668110000.0
2018-08-21,6488.759766,2.979,6301.069824,3377180000.0
2018-08-20,6308.529785,-2.953,6500.509766,3665100000.0
2018-08-19,6506.069824,1.3,6422.569824,3311170000.0
2018-08-18,6423.759766,-2.425,6583.430176,3984520000.0
2018-08-17,6580.629883,3.781,6340.910156,4992990000.0
2018-08-16,6334.72998,0.643,6294.22998,4328420000.0
2018-08-15,6308.52002,1.4,6221.419922,4895450000.0
2018-08-14,6199.709961,-1.399,6287.660156,5301700000.0
2018-08-13,6297.569824,-0.691,6341.359863,4083980000.0
2018-08-12,6322.689941,0.621,6283.649902,5665250000.0
2018-08-11,6295.72998,1.777,6185.790039,4047850000.0
2018-08-10,6184.709961,-5.885,6571.419922,4528680000.0
2018-08-09,6568.22998,4.166,6305.560059,4267040000.0
2018-08-08,6305.799805,-6.537,6746.850098,5064430000.0
2018-08-07,6753.120117,-2.949,6958.319824,4682800000.0
2018-08-06,6951.799805,-1.574,7062.939941,3925900000.0
2018-08-05,7068.47998,0.532,7031.080078,3679110000.0
2018-08-04,7032.850098,-5.456,7438.669922,4268390000.0
2018-08-03,7434.390137,-1.689,7562.140137,4627150000.0
2018-08-02,7567.149902,-0.878,7634.189941,4214110000.0
2018-08-01,7624.910156,-1.855,7769.040039,4797620000.0
2018-07-31,7780.439941,-4.899,8181.200195,5287530000.0
2018-07-30,8180.47998,-0.5,8221.580078,5551400000.0
2018-07-29,8218.459961,0.154,8205.820313,4107190016.0
2018-07-28,8192.150391,0.283,8169.060059,3988750080.0
2018-07-27,8165.009766,2.699,7950.399902,5195879936.0
2018-07-26,7951.580078,-2.755,8176.850098,4899089920.0
2018-07-25,8181.390137,-2.366,8379.660156,5845400064.0
2018-07-24,8424.269531,9.172,7716.509766,7277689856.0
2018-07-23,7711.109863,3.997,7414.709961,5132480000.0
2018-07-22,7418.490234,0.009,7417.799805,3695460096.0
2018-07-21,7419.290039,0.905,7352.720215,3726609920.0
2018-07-20,7354.129883,-1.517,7467.399902,4936869888.0
2018-07-19,7466.859863,1.202,7378.200195,5111629824.0
2018-07-18,7370.779785,0.758,7315.319824,6103410176.0
2018-07-17,7321.040039,8.626,6739.649902,5961950208.0
2018-07-16,6741.75,6.052,6357.009766,4725799936.0
2018-07-15,6359.640137,1.386,6272.700195,3285459968.0
2018-07-14,6276.120117,0.458,6247.5,2923670016.0
2018-07-13,6238.049805,0.048,6235.029785,3805400064.0
2018-07-12,6228.810059,-2.626,6396.779785,3770170112.0
2018-07-11,6394.709961,1.01,6330.77002,3644859904.0
2018-07-10,6329.950195,-6.073,6739.209961,4052430080.0
2018-07-09,6741.75,-0.492,6775.080078,3718129920.0
2018-07-08,6773.879883,-1.224,6857.799805,3386210048.0
2018-07-07,6856.930176,2.822,6668.709961,3961080064.0
2018-07-06,6673.5,0.524,6638.689941,4313959936.0
2018-07-05,6639.140137,0.597,6599.709961,4999240192.0
2018-07-04,6597.549805,0.713,6550.870117,4176689920.0
2018-07-03,6529.589844,-1.017,6596.660156,4672309760.0
2018-07-02,6614.180176,3.664,6380.379883,4396930048.0
2018-07-01,6385.819824,-0.403,6411.680176,4788259840.0
2018-06-30,6404.0,3.054,6214.220215,4543860224.0
2018-06-29,6218.299805,5.428,5898.129883,3966230016.0
2018-06-28,5903.439941,-4.058,6153.160156,3467800064.0
2018-06-27,6157.129883,1.195,6084.399902,3296219904.0
2018-06-26,6093.669922,-2.557,6253.549805,3279759872.0
2018-06-25,6249.180176,1.251,6171.970215,5500810240.0
2018-06-24,6173.22998,0.145,6164.279785,4566909952.0
2018-06-23,6162.47998,1.188,6090.100098,3431360000.0
2018-06-22,6083.689941,-9.709,6737.879883,5079810048.0
2018-06-21,6729.740234,-0.743,6780.089844,3529129984.0
2018-06-20,6776.549805,0.086,6770.759766,3888640000.0
2018-06-19,6769.939941,0.409,6742.390137,4057029888.0
2018-06-18,6734.819824,3.452,6510.069824,4039200000.0
2018-06-17,6499.27002,-0.707,6545.529785,3104019968.0
2018-06-16,6550.160156,1.467,6455.450195,3194170112.0
2018-06-15,6456.580078,-3.259,6674.080078,3955389952.0
2018-06-14,6675.350098,5.244,6342.75,5138710016.0
2018-06-13,6349.899902,-3.744,6596.879883,5052349952.0
2018-06-12,6582.359863,-4.684,6905.819824,4654380032.0
2018-06-11,6906.919922,1.583,6799.290039,4745269760.0
2018-06-10,6786.02002,-9.514,7499.549805,5804839936.0
2018-06-09,7531.97998,-1.317,7632.52002,3845220096.0
2018-06-08,7624.919922,-0.784,7685.140137,4227579904.0
2018-06-07,7678.240234,0.358,7650.819824,4485799936.0
2018-06-06,7653.97998,0.367,7625.970215,4692259840.0
2018-06-05,7633.759766,1.771,7500.899902,4961739776.0
2018-06-04,7514.470215,-2.694,7722.529785,4993169920.0
2018-06-03,7720.25,1.155,7632.089844,4851760128.0
2018-06-02,7643.450195,1.416,7536.720215,4939299840.0
2018-06-01,7541.450195,0.543,7500.700195,4921460224.0
2018-05-31,7494.169922,1.188,7406.149902,5127130112.0
2018-05-30,7406.52002,-0.846,7469.72998,4922540032.0
2018-05-29,7472.589844,4.813,7129.459961,5662660096.0
2018-05-28,7135.990234,-3.192,7371.310059,5040600064.0
2018-05-27,7368.220215,0.083,7362.080078,4056519936.0
2018-05-26,7355.879883,-1.744,7486.47998,4051539968.0
2018-05-25,7480.140137,-1.477,7592.299805,4867829760.0
2018-05-24,7587.339844,0.347,7561.120117,6049220096.0
2018-05-23,7557.819824,-5.963,8037.080078,6491120128.0
2018-05-22,8041.779785,-4.49,8419.870117,5137010176.0
2018-05-21,8418.990234,-1.213,8522.330078,5154990080.0
2018-05-20,8513.25,3.229,8246.990234,5191059968.0
2018-05-19,8247.179688,-0.104,8255.730469,4712399872.0
2018-05-18,8250.969727,1.967,8091.830078,5764190208.0
2018-05-17,8094.319824,-3.294,8370.049805,5862530048.0
2018-05-16,8368.830078,-1.594,8504.410156,6760220160.0
2018-05-15,8510.379883,-2.238,8705.19043,6705710080.0
2018-05-14,8716.790039,0.042,8713.099609,7364149760.0
2018-05-13,8723.94043,2.448,8515.490234,5866379776.0
2018-05-12,8504.889648,0.752,8441.44043,6821380096.0
2018-05-11,8441.490234,-6.754,9052.959961,8488520192.0
2018-05-10,9043.94043,-3.024,9325.959961,6906699776.0
2018-05-09,9325.179688,1.1,9223.730469,7226890240.0
2018-05-08,9234.820313,-1.557,9380.870117,7415869952.0
2018-05-07,9373.009766,-2.827,9645.669922,7394019840.0
2018-05-06,9654.799805,-1.935,9845.30957,7222280192.0
2018-05-05,9858.150391,1.627,9700.280273,7651939840.0
2018-05-04,9700.759766,0.054,9695.5,8217829888.0
2018-05-03,9743.860352,5.522,9233.969727,10207299584.0
2018-05-02,9235.919922,1.442,9104.599609,7558159872.0
2018-05-01,9119.009766,-1.432,9251.469727,7713019904.0
2018-04-30,9240.549805,-1.969,9426.110352,8673920000.0
2018-04-29,9419.080078,0.778,9346.410156,8853000192.0
2018-04-28,9348.480469,4.578,8939.269531,7805479936.0
2018-04-27,8987.049805,-3.268,9290.629883,7566289920.0
2018-04-26,9281.509766,4.671,8867.320313,8970559488.0
2018-04-25,8845.740234,-8.816,9701.030273,11083100160.0
2018-04-24,9697.5,8.542,8934.339844,10678800384.0
2018-04-23,8930.879883,1.552,8794.389648,6925190144.0
2018-04-22,8802.459961,-1.374,8925.05957,6629899776.0
2018-04-21,8895.580078,0.529,8848.790039,7548550144.0
2018-04-20,8845.830078,6.745,8286.879883,8438110208.0
2018-04-19,8294.30957,1.655,8159.27002,7063209984.0
2018-04-18,8163.419922,2.757,7944.430176,6529909760.0
2018-04-17,7902.089844,-2.101,8071.660156,6900879872.0
2018-04-16,8058.669922,-3.345,8337.570313,5631309824.0
2018-04-15,8329.110352,4.123,7999.330078,5244480000.0
2018-04-14,7986.240234,1.417,7874.669922,5191430144.0
2018-04-13,7895.959961,-0.065,7901.089844,7764460032.0
2018-04-12,7889.25,13.427,6955.379883,8906250240.0
2018-04-11,6968.319824,1.824,6843.470215,4641889792.0
2018-04-10,6834.759766,0.579,6795.439941,4272750080.0
2018-04-09,6770.72998,-3.884,7044.319824,4894060032.0
2018-04-08,7023.52002,1.496,6919.97998,3652499968.0
2018-04-07,6911.089844,4.232,6630.509766,3976610048.0
2018-04-06,6636.319824,-2.636,6815.959961,3766810112.0
2018-04-05,6811.470215,-0.543,6848.649902,5639320064.0
2018-04-04,6853.839844,-8.081,7456.410156,4936000000.0
2018-04-03,7456.109863,4.982,7102.259766,5499700224.0
2018-04-02,7083.799805,3.491,6844.859863,4333440000.0
2018-04-01,6844.22998,-2.268,7003.060059,4532100096.0
2018-03-31,6973.529785,1.176,6892.47998,4553269760.0
2018-03-30,6890.52002,-3.917,7171.450195,6289509888.0
2018-03-29,7165.700195,-10.194,7979.069824,6361229824.0
2018-03-28,7954.47998,1.501,7836.830078,4935289856.0
2018-03-27,7833.040039,-4.475,8200.0,5378250240.0
2018-03-26,8209.400391,-3.401,8498.469727,5921039872.0
2018-03-25,8495.780273,-1.359,8612.80957,4569880064.0
2018-03-24,8668.120117,-2.627,8901.950195,5664600064.0
2018-03-23,8879.620117,1.641,8736.25,5954120192.0
2018-03-22,8728.469727,-2.36,8939.44043,5530390016.0
2018-03-21,8929.280273,-0.092,8937.480469,6043129856.0
2018-03-20,8913.469727,3.408,8619.669922,6361789952.0
2018-03-19,8630.650391,3.434,8344.120117,6729110016.0
2018-03-18,8223.679688,4.222,7890.52002,6639190016.0
2018-03-17,7916.879883,-4.867,8321.910156,4426149888.0
2018-03-16,8338.349609,0.186,8322.910156,5289379840.0
2018-03-15,8300.860352,0.122,8290.759766,6834429952.0
2018-03-14,8269.80957,-10.254,9214.650391,6438230016.0
2018-03-13,9194.849609,0.238,9173.040039,5991139840.0
2018-03-12,9205.120117,-4.143,9602.929688,6457399808.0
2018-03-11,9578.629883,8.199,8852.780273,6296370176.0
2018-03-10,8866.0,-5.182,9350.589844,5386319872.0
2018-03-09,9337.549805,-0.819,9414.69043,8704190464.0
2018-03-08,9395.009766,-5.591,9951.44043,7186089984.0
2018-03-07,9965.570313,-7.76,10803.900391,8797910016.0
2018-03-06,10779.900391,-6.263,11500.099609,6832169984.0
2018-03-05,11573.299805,0.355,11532.400391,6468539904.0
2018-03-04,11512.599609,0.132,11497.400391,6084149760.0
2018-03-03,11489.700195,3.493,11101.900391,6690570240.0
2018-03-02,11086.400391,0.993,10977.400391,7620590080.0
2018-03-01,10951.0,5.45,10385.0,7317279744.0
2018-02-28,10397.900391,-2.707,10687.200195,6936189952.0
2018-02-27,10725.599609,3.191,10393.900391,6966179840.0
2018-02-26,10366.700195,7.211,9669.429688,7287690240.0
2018-02-25,9664.730469,-1.344,9796.419922,5706939904.0
2018-02-24,9813.070313,-4.614,10287.700195,6917929984.0
2018-02-23,10301.099609,3.663,9937.070313,7739500032.0
2018-02-22,10005.0,-6.148,10660.400391,8040079872.0
2018-02-21,10690.400391,-5.995,11372.200195,9405339648.0
2018-02-20,11403.700195,1.53,11231.799805,9926540288.0
2018-02-19,11225.299805,6.375,10552.599609,7652089856.0
2018-02-18,10551.799805,-5.139,11123.400391,8744009728.0
2018-02-17,11112.700195,8.868,10207.5,8660880384.0
2018-02-16,10233.900391,0.969,10135.700195,7296159744.0
2018-02-15,10166.400391,7.146,9488.320313,9062540288.0
2018-02-14,9494.629883,10.404,8599.919922,7909819904.0
2018-02-13,8598.30957,-3.679,8926.719727,5696719872.0
2018-02-12,8926.570313,9.644,8141.430176,6256439808.0
2018-02-11,8129.970215,-5.642,8616.129883,6122189824.0
2018-02-10,8621.900391,-1.126,8720.080078,7780960256.0
2018-02-09,8736.980469,5.623,8271.839844,6784820224.0
2018-02-08,8265.589844,8.219,7637.859863,9346750464.0
2018-02-07,7621.299805,-1.73,7755.490234,9169280000.0
2018-02-06,7754.0,9.959,7051.75,13999800320.0
2018-02-05,6955.27002,-15.903,8270.540039,9285289984.0
2018-02-04,8277.009766,-9.794,9175.700195,7073549824.0
2018-02-03,9174.910156,3.646,8852.120117,7263790080.0
2018-02-02,8830.75,-3.408,9142.280273,12726899712.0
2018-02-01,9170.540039,-10.42,10237.299805,9959400448.0
2018-01-31,10221.099609,1.117,10108.200195,8041160192.0
2018-01-30,10106.299805,-10.618,11306.799805,8637859840.0
2018-01-29,11296.400391,-3.905,11755.5,7107359744.0
2018-01-28,11786.299805,2.71,11475.299805,8350360064.0
2018-01-27,11440.700195,2.379,11174.900391,7583269888.0
2018-01-26,11171.400391,-0.752,11256.0,9746199552.0
2018-01-25,11259.400391,-1.421,11421.700195,8873169920.0
2018-01-24,11359.400391,4.182,10903.400391,9940989952.0
2018-01-23,10868.400391,-0.695,10944.5,9660609536.0
2018-01-22,10931.400391,-6.032,11633.099609,10537400320.0
2018-01-21,11600.099609,-10.001,12889.200195,9935179776.0
2018-01-20,12899.200195,10.664,11656.200195,11801700352.0
2018-01-19,11607.400391,1.554,11429.799805,10740400128.0
2018-01-18,11474.900391,2.465,11198.799805,15020399616.0
2018-01-17,11188.599609,-2.121,11431.099609,18830600192.0
2018-01-16,11490.5,-16.953,13836.099609,18853799936.0
2018-01-15,13819.799805,0.381,13767.299805,12750799872.0
2018-01-14,13772.0,-4.167,14370.799805,11084099584.0
2018-01-13,14360.200195,2.923,13952.400391,12763599872.0
2018-01-12,13980.599609,3.915,13453.900391,12065699840.0
2018-01-11,13405.799805,-10.438,14968.200195,16534099968.0
2018-01-10,14973.299805,2.638,14588.5,18500800512.0
2018-01-09,14595.400391,-3.493,15123.700195,16659999744.0
2018-01-08,15170.099609,-7.927,16476.199219,18413899776.0
2018-01-07,16477.599609,-5.989,17527.300781,15866000384.0
2018-01-06,17527.0,0.372,17462.099609,18314600448.0
2018-01-05,17429.5,12.614,15477.200195,23840899072.0
2018-01-04,15599.200195,2.151,15270.700195,21783199744.0
2018-01-03,15201.0,1.487,14978.200195,16871900160.0
2018-01-02,14982.099609,9.96,13625.0,16846600192.0
2018-01-01,13657.200195,-3.224,14112.200195,10291200000.0
2017-12-31,14156.400391,9.759,12897.700195,12136299520.0
2017-12-30,12952.200195,-11.781,14681.900391,14452599808.0
2017-12-29,14656.200195,-0.269,14695.799805,13025500160.0
2017-12-28,14606.5,-7.927,15864.099609,12336499712.0
2017-12-27,15838.5,-2.011,16163.5,12487600128.0
2017-12-26,16099.799805,14.699,14036.599609,13454300160.0
2017-12-25,14026.599609,0.219,13995.900391,10664699904.0
2017-12-24,13925.799805,-4.671,14608.200195,11572299776.0
2017-12-23,14699.200195,5.38,13948.700195,13086000128.0
2017-12-22,13831.799805,-12.997,15898.0,22197999616.0
2017-12-21,15802.900391,-5.044,16642.400391,16516599808.0
2017-12-20,16624.599609,-6.395,17760.300781,22149699584.0
2017-12-19,17776.699219,-7.017,19118.300781,16894499840.0
2017-12-18,19114.199219,0.041,19106.400391,14839499776.0
2017-12-17,19140.800781,-1.72,19475.800781,13314599936.0
2017-12-16,19497.400391,9.781,17760.300781,12740599808.0
2017-12-15,17706.900391,6.66,16601.300781,14309999616.0
2017-12-14,16564.0,1.095,16384.599609,13777399808.0
2017-12-13,16408.199219,-6.239,17500.0,12976900096.0
2017-12-12,17415.400391,2.929,16919.800781,14603799552.0
2017-12-11,16936.800781,9.784,15427.400391,12153900032.0
2017-12-10,15455.400391,1.892,15168.400391,13433299968.0
2017-12-09,15178.200195,-8.141,16523.300781,13911300096.0
2017-12-08,16569.400391,-6.929,17802.900391,21135998976.0
2017-12-07,17899.699219,25.47,14266.099609,17950699520.0
2017-12-06,14291.5,19.861,11923.400391,12656300032.0
2017-12-05,11916.700195,1.977,11685.700195,6895260160.0
2017-12-04,11657.200195,3.021,11315.400391,6132409856.0
2017-12-03,11323.200195,2.17,11082.700195,6608309760.0
2017-12-02,11074.599609,0.877,10978.299805,5138500096.0
2017-12-01,10975.599609,7.619,10198.599609,6783119872.0
2017-11-30,10233.599609,3.299,9906.790039,8310689792.0
2017-11-29,9888.610352,-1.873,10077.400391,11568799744.0
2017-11-28,10058.799805,2.396,9823.429688,6348819968.0
2017-11-27,9818.349609,4.979,9352.719727,5653320192.0
2017-11-26,9330.549805,6.161,8789.040039,5475579904.0
2017-11-25,8790.919922,6.664,8241.709961,4342060032.0
2017-11-24,8253.69043,2.225,8074.02002,5058610176.0
2017-11-23,8038.77002,-2.352,8232.379883,4225179904.0
2017-11-22,8253.549805,2.174,8077.950195,3633530112.0
2017-11-21,8071.259766,-1.639,8205.740234,4277609984.0
2017-11-20,8200.639648,2.01,8039.069824,3488450048.0
2017-11-19,8036.490234,3.483,7766.029785,3149319936.0
2017-11-18,7790.149902,1.207,7697.209961,3667190016.0
2017-11-17,7708.990234,-1.841,7853.569824,4651670016.0
2017-11-16,7871.689941,7.489,7323.240234,5123809792.0
2017-11-15,7315.540039,10.261,6634.759766,4200880128.0
2017-11-14,6635.75,1.132,6561.47998,3197110016.0
2017-11-13,6559.490234,10.462,5938.25,6263249920.0
2017-11-12,5950.069824,-5.486,6295.450195,8957349888.0
2017-11-11,6357.600098,-3.944,6618.609863,4908680192.0
2017-11-10,6618.140137,-7.745,7173.72998,5208249856.0
2017-11-09,7143.580078,-4.072,7446.830078,3226249984.0
2017-11-08,7459.689941,4.457,7141.379883,4602200064.0
2017-11-07,7144.379883,1.727,7023.100098,2326340096.0
2017-11-06,7022.759766,-5.139,7403.220215,3111899904.0
2017-11-05,7407.410156,0.039,7404.52002,2380410112.0
2017-11-04,7379.950195,3.007,7164.47998,2483800064.0
2017-11-03,7207.759766,1.696,7087.529785,3369860096.0
2017-11-02,7078.5,4.437,6777.77002,4653770240.0
2017-11-01,6767.310059,5.067,6440.970215,2870320128.0
2017-10-31,6468.399902,5.486,6132.02002,2311379968.0
2017-10-30,6130.529785,0.256,6114.850098,1772150016.0
2017-10-29,6153.850098,6.941,5754.439941,2859040000.0
2017-10-28,5753.089844,-0.6,5787.819824,1403920000.0
2017-10-27,5780.899902,-2.014,5899.740234,1710130048.0
2017-10-26,5904.830078,2.729,5747.950195,1905040000.0
2017-10-25,5750.799805,4.094,5524.600098,1966989952.0
2017-10-24,5526.640137,-6.889,5935.52002,2735699968.0
2017-10-23,5930.319824,-1.26,6006.0,2401840128.0
2017-10-22,6008.419922,-0.468,6036.660156,2034630016.0
2017-10-21,6031.600098,0.58,5996.790039,2207099904.0
2017-10-20,6011.450195,5.314,5708.109863,2354429952.0
2017-10-19,5708.52002,2.235,5583.740234,1780540032.0
2017-10-18,5590.689941,-0.234,5603.819824,2399269888.0
2017-10-17,5605.509766,-2.37,5741.580078,1821570048.0
2017-10-16,5725.589844,0.668,5687.569824,2008070016.0
2017-10-15,5678.189941,-2.703,5835.959961,1976039936.0
2017-10-14,5831.790039,3.336,5643.529785,1669030016.0
2017-10-13,5647.209961,3.35,5464.160156,3615480064.0
2017-10-12,5446.910156,12.782,4829.580078,2791610112.0
2017-10-11,4826.47998,0.777,4789.25,1222279936.0
2017-10-10,4781.990234,0.121,4776.209961,1597139968.0
2017-10-09,4772.02002,3.413,4614.52002,1968739968.0
2017-10-08,4610.47998,4.082,4429.669922,1313869952.0
2017-10-07,4426.890137,1.317,4369.350098,906928000.0
2017-10-06,4370.810059,1.072,4324.459961,1069939968.0
2017-10-05,4328.410156,2.329,4229.879883,1161769984.0
2017-10-04,4229.359863,-2.084,4319.370117,1116770048.0
2017-10-03,4317.47998,-2.064,4408.459961,1288019968.0
2017-10-02,4409.319824,0.307,4395.810059,1431730048.0
2017-10-01,4403.740234,1.444,4341.049805,1208210048.0
2017-09-30,4338.709961,4.143,4166.109863,1207449984.0
2017-09-29,4163.069824,-0.205,4171.620117,1367049984.0
2017-09-28,4174.72998,-0.534,4197.129883,1712320000.0
2017-09-27,4200.669922,7.905,3892.939941,1686880000.0
2017-09-26,3892.350098,-0.918,3928.409912,1043740032.0
2017-09-25,3926.070068,6.641,3681.580078,1374210048.0
2017-09-24,3682.840088,-2.985,3796.149902,768014976.0
2017-09-23,3792.399902,4.476,3629.919922,928113984.0
2017-09-22,3630.699951,0.074,3628.02002,1194829952.0
2017-09-21,3631.040039,-6.931,3901.469971,1411480064.0
2017-09-20,3905.949951,-0.266,3916.360107,1213830016.0
2017-09-19,3924.969971,-3.653,4073.790039,1563980032.0
2017-09-18,4065.199951,13.202,3591.090088,1943209984.0
2017-09-17,3582.879883,-0.649,3606.280029,1239149952.0
2017-09-16,3625.040039,-0.349,3637.75,1818400000.0
2017-09-15,3637.52002,14.882,3166.300049,4148069888.0
2017-09-14,3154.949951,-18.59,3875.370117,2716310016.0
2017-09-13,3882.590088,-6.036,4131.97998,2219409920.0
2017-09-12,4130.810059,-0.913,4168.879883,1864530048.0
2017-09-11,4161.27002,0.941,4122.470215,1557330048.0
2017-09-10,4122.939941,-2.516,4229.339844,1679090048.0
2017-09-09,4226.060059,-0.089,4229.810059,1386230016.0
2017-09-08,4228.75,-8.174,4605.160156,2700890112.0
2017-09-07,4599.879883,0.234,4589.140137,1844620032.0
2017-09-06,4597.120117,5.039,4376.589844,2172100096.0
2017-09-05,4376.529785,3.506,4228.290039,2697969920.0
2017-09-04,4236.310059,-7.738,4591.629883,2987330048.0
2017-09-03,4582.959961,-0.05,4585.27002,1933190016.0
2017-09-02,4578.77002,-6.583,4901.419922,2722139904.0
2017-09-01,4892.009766,4.046,4701.759766,2599079936.0
2017-08-31,4703.390137,3.244,4555.589844,1944930048.0
2017-08-30,4565.299805,-0.111,4570.359863,1937849984.0
2017-08-29,4579.02002,4.324,4389.209961,2486080000.0
2017-08-28,4382.660156,-0.041,4384.450195,1959330048.0
2017-08-27,4382.879883,0.869,4345.100098,1537459968.0
2017-08-26,4352.399902,-0.45,4372.060059,1511609984.0
2017-08-25,4371.600098,0.895,4332.819824,1727970048.0
2017-08-24,4334.680176,4.763,4137.600098,2037750016.0
2017-08-23,4151.52002,1.529,4089.01001,2369819904.0
2017-08-22,4100.52002,2.555,3998.350098,3764239872.0
2017-08-21,4001.73999,-2.169,4090.47998,2800890112.0
2017-08-20,4087.659912,-2.426,4189.310059,2109769984.0
2017-08-19,4193.700195,1.352,4137.75,2975820032.0
2017-08-18,4160.620117,-3.786,4324.339844,2941710080.0
2017-08-17,4331.689941,-1.203,4384.439941,2553359872.0
2017-08-16,4376.629883,4.197,4200.339844,2272039936.0
2017-08-15,4181.930176,-3.352,4326.990234,3258050048.0
2017-08-14,4325.129883,6.37,4066.100098,2463089920.0
2017-08-13,4073.26001,4.98,3880.040039,3159089920.0
2017-08-12,3884.709961,6.412,3650.629883,2219589888.0
2017-08-11,3650.620117,8.204,3373.820068,2021190016.0
2017-08-10,3381.280029,1.18,3341.840088,1515110016.0
2017-08-09,3342.469971,-2.278,3420.399902,1468960000.0
2017-08-08,3419.939941,1.475,3370.219971,1752760064.0
2017-08-07,3378.939941,5.172,3212.780029,1482279936.0
2017-08-06,3213.939941,-1.341,3257.610107,1105030016.0
2017-08-05,3252.909912,12.261,2897.629883,1945699968.0
2017-08-04,2895.889893,3.169,2806.929932,1002120000.0
2017-08-03,2804.72998,3.512,2709.560059,804796992.0
2017-08-02,2710.669922,-0.604,2727.129883,1094950016.0
2017-08-01,2718.26001,-5.33,2871.300049,1324669952.0
2017-07-31,2875.340088,4.057,2763.23999,860574976.0
2017-07-30,2757.179932,1.204,2724.389893,705942976.0
2017-07-29,2726.449951,-2.87,2807.02002,803745984.0
2017-07-28,2809.01001,4.824,2679.72998,1380099968.0
2017-07-27,2671.780029,5.242,2538.709961,789104000.0
2017-07-26,2529.449951,-1.874,2577.77002,937404032.0
2017-07-25,2576.47998,-6.565,2757.5,1460089984.0
2017-07-24,2754.860107,0.811,2732.699951,866473984.0
2017-07-23,2730.399902,-2.767,2808.100098,1072840000.0
2017-07-22,2810.120117,5.302,2668.629883,1177129984.0
2017-07-21,2667.76001,-6.012,2838.409912,1489449984.0
2017-07-20,2817.600098,24.129,2269.889893,2249260032.0
2017-07-19,2273.429932,-2.137,2323.080078,1245100032.0
2017-07-18,2318.879883,3.822,2233.52002,1512450048.0
2017-07-17,2228.409912,15.305,1932.619995,1201760000.0
2017-07-16,1929.819946,-3.121,1991.97998,1182870016.0
2017-07-15,1998.859985,-10.37,2230.120117,993608000.0
2017-07-14,2233.340088,-5.391,2360.590088,882502976.0
2017-07-13,2357.899902,-1.865,2402.699951,835769984.0
2017-07-12,2398.840088,2.832,2332.77002,1117410048.0
2017-07-11,2337.790039,-2.016,2385.889893,1329760000.0
2017-07-10,2372.560059,-6.047,2525.25,1111200000.0
2017-07-09,2518.439941,-2.106,2572.610107,527856000.0
2017-07-08,2571.340088,2.026,2520.27002,733329984.0
2017-07-07,2518.659912,-3.447,2608.590088,917411968.0
2017-07-06,2608.560059,0.018,2608.100098,761956992.0
2017-07-05,2601.98999,-0.034,2602.870117,941566016.0
2017-07-04,2601.639893,1.587,2561.0,985516032.0
2017-07-03,2564.060059,2.622,2498.560059,964112000.0
2017-07-02,2506.469971,2.876,2436.399902,803747008.0
2017-07-01,2434.550049,-2.329,2492.600098,779913984.0
2017-06-30,2480.840088,-2.3,2539.23999,860273024.0
2017-06-29,2539.320068,-1.1,2567.560059,949979008.0
2017-06-28,2574.790039,0.852,2553.030029,1183869952.0
2017-06-27,2552.449951,2.986,2478.449951,1489789952.0
2017-06-26,2478.449951,-4.328,2590.570068,1663280000.0
2017-06-25,2589.409912,-0.684,2607.25,1161100032.0
2017-06-24,2608.719971,-4.74,2738.52002,982750016.0
2017-06-23,2744.909912,1.388,2707.340088,961318976.0
2017-06-22,2705.409912,0.534,2691.030029,1097939968.0
2017-06-21,2689.100098,-0.75,2709.429932,1626579968.0
2017-06-20,2721.790039,5.037,2591.26001,1854189952.0
2017-06-19,2589.600098,1.592,2549.030029,1446840064.0
2017-06-18,2548.290039,-4.032,2655.350098,1178659968.0
2017-06-17,2655.879883,5.643,2514.01001,1534509952.0
2017-06-16,2518.560059,1.984,2469.570068,1195190016.0
2017-06-15,2464.580078,-1.4,2499.580078,2026259968.0
2017-06-14,2506.370117,-7.748,2716.879883,1696560000.0
2017-06-13,2717.02002,1.347,2680.909912,1781200000.0
2017-06-12,2659.629883,-9.941,2953.219971,2569530112.0
2017-06-11,2958.110107,0.534,2942.409912,1752400000.0
2017-06-10,2947.709961,4.228,2828.139893,2018889984.0
2017-06-09,2823.810059,0.583,2807.439941,1348950016.0
2017-06-08,2805.620117,3.129,2720.48999,1281170048.0
2017-06-07,2732.159912,-4.782,2869.379883,1517709952.0
2017-06-06,2863.199951,6.405,2690.840088,2089609984.0
2017-06-05,2686.810059,6.942,2512.399902,1369309952.0
2017-06-04,2511.810059,-1.412,2547.790039,1355120000.0
2017-06-03,2515.350098,0.867,2493.719971,1514950016.0
2017-06-02,2488.550049,3.516,2404.030029,1317030016.0
2017-06-01,2407.879883,5.224,2288.330078,1653180032.0
2017-05-31,2286.409912,4.536,2187.189941,1544829952.0
2017-05-30,2175.469971,-3.542,2255.360107,1443970048.0
2017-05-29,2255.610107,4.454,2159.429932,994625024.0
2017-05-28,2155.800049,4.952,2054.080078,1147139968.0
2017-05-27,2038.869995,-7.167,2196.27002,1700480000.0
2017-05-26,2202.419922,-5.105,2320.889893,1763480064.0
2017-05-25,2304.97998,-5.775,2446.23999,2406700032.0
2017-05-24,2443.639893,5.267,2321.370117,1725379968.0
2017-05-23,2320.419922,5.88,2191.560059,1378749952.0
2017-05-22,2173.399902,6.373,2043.189941,1942220032.0
2017-05-21,2041.199951,-1.25,2067.030029,1147859968.0
2017-05-20,2084.72998,5.064,1984.23999,961336000.0
2017-05-19,1987.709961,4.761,1897.369995,1157289984.0
2017-05-18,1888.650024,3.846,1818.699951,894321024.0
2017-05-17,1839.089966,6.507,1726.72998,1064729984.0
2017-05-16,1734.449951,-0.416,1741.699951,959044992.0
2017-05-15,1738.430054,-3.871,1808.439941,731529024.0
2017-05-14,1808.910034,0.447,1800.859985,437196000.0
2017-05-13,1804.910034,4.747,1723.119995,579635008.0
2017-05-12,1724.23999,-6.584,1845.76001,740984000.0
2017-05-11,1848.569946,3.831,1780.369995,799489984.0
2017-05-10,1787.130005,1.743,1756.52002,915723008.0
2017-05-09,1755.359985,1.826,1723.890015,1167920000.0
2017-05-08,1723.349976,7.917,1596.920044,1340320000.0
2017-05-07,1596.709961,1.092,1579.469971,1080029952.0
2017-05-06,1578.800049,1.413,1556.810059,582529984.0
2017-05-05,1555.449951,0.946,1540.869995,946035968.0
2017-05-04,1537.670044,3.149,1490.719971,933548992.0
2017-05-03,1490.089966,2.498,1453.780029,583795968.0
2017-05-02,1452.819946,2.237,1421.030029,477337984.0
2017-05-01,1421.599976,5.436,1348.300049,713624000.0
2017-04-30,1347.890015,1.968,1321.869995,413115008.0
2017-04-29,1321.790039,0.3,1317.839966,422705984.0
2017-04-28,1316.47998,-0.096,1317.73999,527488992.0
2017-04-27,1317.72998,2.797,1281.880005,449196992.0
2017-04-26,1281.079956,1.192,1265.98999,329631008.0
2017-04-25,1265.48999,1.203,1250.449951,242556000.0
2017-04-24,1250.150024,3.35,1209.630005,235806000.0
2017-04-23,1207.209961,-2.006,1231.920044,258951008.0
2017-04-22,1231.709961,0.736,1222.709961,249320000.0
2017-04-21,1222.050049,-0.599,1229.420044,272167008.0
2017-04-20,1229.079956,1.486,1211.079956,315108000.0
2017-04-19,1210.290039,-0.152,1212.130005,288060992.0
2017-04-18,1211.670044,1.499,1193.77002,270524000.0
2017-04-17,1193.910034,0.901,1183.25,253206000.0
2017-04-16,1182.939941,0.881,1172.609985,183231008.0
2017-04-15,1172.52002,0.447,1167.300049,203559008.0
2017-04-14,1167.540039,-0.238,1170.329956,254827008.0
2017-04-13,1169.280029,-2.643,1201.02002,351968992.0
2017-04-12,1200.369995,-0.369,1204.810059,288702016.0
2017-04-11,1205.01001,1.478,1187.459961,216182000.0
2017-04-10,1187.130005,-0.014,1187.300049,215883008.0
2017-04-09,1187.869995,0.96,1176.569946,242343008.0
2017-04-08,1175.949951,0.281,1172.650024,209312000.0
2017-04-07,1176.900024,-0.173,1178.939941,317022016.0
2017-04-06,1182.680054,5.051,1125.810059,511222016.0
2017-04-05,1124.780029,-0.825,1134.140015,414784000.0
2017-04-04,1133.25,-1.071,1145.52002,436310016.0
2017-04-03,1143.810059,3.705,1102.949951,580444032.0
2017-04-02,1102.170044,1.995,1080.609985,514187008.0
2017-04-01,1080.5,0.82,1071.709961,289633984.0
2017-03-31,1071.790039,4.398,1026.640015,447287008.0
2017-03-30,1026.430054,-1.514,1042.209961,352968992.0
2017-03-29,1039.969971,-0.584,1046.079956,298457984.0
2017-03-28,1047.150024,0.246,1044.579956,326332000.0
2017-03-27,1045.77002,7.583,972.054993,372535008.0
2017-03-26,966.724976,-0.748,974.015015,303668000.0
2017-03-25,972.778992,3.869,936.539978,435803008.0
2017-03-24,937.52002,-9.719,1038.449951,491038016.0
2017-03-23,1038.589966,-1.091,1050.050049,248540000.0
2017-03-22,1049.140015,-6.381,1120.650024,380840992.0
2017-03-21,1120.540039,6.176,1055.359985,337391008.0
2017-03-20,1054.22998,1.638,1037.23999,286529984.0
2017-03-19,1036.73999,6.144,976.72998,406648000.0
2017-03-18,973.817993,-11.446,1099.689941,621302016.0
2017-03-17,1100.22998,-6.773,1180.160034,706598976.0
2017-03-16,1187.810059,-5.076,1251.329956,638568000.0
2017-03-15,1249.609985,0.762,1240.160034,297804992.0
2017-03-14,1240.0,0.636,1232.160034,245306000.0
2017-03-13,1231.920044,0.83,1221.780029,380276992.0
2017-03-12,1221.380005,3.804,1176.619995,227176000.0
2017-03-11,1175.829956,5.331,1116.319946,283320000.0
2017-03-10,1116.719971,-6.107,1189.359985,563795968.0
2017-03-09,1188.48999,3.316,1150.349976,212283008.0
2017-03-08,1150.0,-5.987,1223.22998,332603008.0
2017-03-07,1223.540039,-3.901,1273.209961,291256000.0
2017-03-06,1272.829956,0.423,1267.469971,153656992.0
2017-03-05,1267.119995,1.023,1254.290039,134127000.0
2017-03-04,1255.150024,-1.744,1277.430054,183270000.0
2017-03-03,1274.98999,1.941,1250.709961,315739008.0
2017-03-02,1251.01001,2.15,1224.680054,368275008.0
2017-03-01,1222.5,3.598,1180.040039,229056992.0
2017-02-28,1179.969971,-0.064,1180.719971,184956000.0
2017-02-27,1179.969971,1.391,1163.780029,131570000.0
2017-02-26,1165.199951,1.829,1144.27002,116486000.0
2017-02-25,1143.839966,-2.27,1170.410034,139960992.0
2017-02-24,1173.680054,0.083,1172.709961,330759008.0
2017-02-23,1166.719971,4.426,1117.27002,189454000.0
2017-02-22,1117.439941,0.237,1114.800049,136100000.0
2017-02-21,1115.300049,3.337,1079.280029,186868992.0
2017-02-20,1079.97998,2.984,1048.689941,109478000.0
2017-02-19,1047.869995,-0.653,1054.76001,77423296.0
2017-02-18,1054.420044,0.497,1049.209961,99073504.0
2017-02-17,1046.209961,1.958,1026.119995,136474000.0
2017-02-16,1027.439941,1.964,1007.650024,122277000.0
2017-02-15,1007.47998,0.126,1006.210022,89759400.0
2017-02-14,1004.549988,1.292,991.734985,137946000.0
2017-02-13,990.642029,-0.825,998.88501,100607000.0
2017-02-12,999.18103,-0.432,1003.52002,67530000.0
2017-02-11,1004.450012,1.573,988.89801,102261000.0
2017-02-10,988.674011,-0.699,995.632019,190452000.0
2017-02-09,994.382996,-6.604,1064.699951,407220000.0
2017-02-08,1063.069946,0.071,1062.319946,201855008.0
2017-02-07,1061.349976,2.039,1040.140015,146007008.0
2017-02-06,1038.150024,0.948,1028.400024,111762000.0
2017-02-05,1027.339966,-1.551,1043.52002,114208000.0
2017-02-04,1042.900024,1.122,1031.329956,155064000.0
2017-02-03,1029.910034,1.824,1011.460022,201278000.0
2017-02-02,1011.799988,2.202,990.000977,145820992.0
2017-02-01,989.02301,1.862,970.940979,150110000.0
2017-01-31,970.403015,5.369,920.958984,164582000.0
2017-01-30,920.382019,0.025,920.151001,78227296.0
2017-01-29,919.495972,-0.279,922.067017,60851700.0
2017-01-28,921.590027,0.193,919.810974,68979600.0
2017-01-27,919.75,0.151,918.359009,125594000.0
2017-01-26,917.585999,1.683,902.39502,131958000.0
2017-01-25,901.541992,1.078,891.924011,120831000.0
2017-01-24,892.687012,-1.975,910.677002,111349000.0
2017-01-23,921.012024,-0.485,925.499023,73588600.0
2017-01-22,924.672974,0.268,922.205017,116573000.0
2017-01-21,921.789001,2.93,895.549011,111158000.0
2017-01-20,895.026001,-0.35,898.171997,86728400.0
2017-01-19,899.072998,1.209,888.335022,105625000.0
2017-01-18,886.617981,-2.502,909.372986,225676992.0
2017-01-17,907.937988,9.266,830.945984,155095008.0
2017-01-16,831.533997,1.187,821.78302,82755200.0
2017-01-15,821.797974,0.447,818.142029,71013600.0
2017-01-14,818.411987,-0.816,825.142029,93063296.0
2017-01-13,823.984009,2.519,803.737,168968000.0
2017-01-12,804.833984,3.826,775.177979,222326000.0
2017-01-11,777.757019,-14.355,908.11499,310928992.0
2017-01-10,907.679016,0.581,902.440002,115808000.0
2017-01-09,902.828003,-1.141,913.244019,141876992.0
2017-01-08,911.198975,0.333,908.174988,158715008.0
2017-01-07,908.585022,0.564,903.487,279550016.0
2017-01-06,902.200989,-11.047,1014.23999,351876000.0
2017-01-05,1013.380005,-12.393,1156.72998,510199008.0
2017-01-04,1154.72998,10.564,1044.400024,344945984.0
2017-01-03,1043.839966,2.177,1021.599976,185168000.0
2017-01-02,1021.75,2.317,998.617004,222184992.0
2017-01-01,998.325012,3.597,963.65802,147775008.0
2016-12-31,963.742981,0.324,960.627014,99135104.0
2016-12-30,961.237976,-1.162,972.534973,187474000.0
2016-12-29,973.497009,-0.167,975.125,199320000.0
2016-12-28,975.921021,4.395,934.830994,236630000.0
2016-12-27,933.197998,2.735,908.354004,167308000.0
2016-12-26,907.609985,1.194,896.905029,123771000.0
2016-12-25,896.182983,-0.386,899.651978,143664992.0
2016-12-24,898.822021,-2.533,922.179993,137727008.0
2016-12-23,921.984009,6.602,864.888,275564000.0
2016-12-22,864.539978,3.64,834.179993,200027008.0
2016-12-21,834.281006,4.201,800.643982,155576000.0
2016-12-20,800.875977,1.089,792.247009,99629296.0
2016-12-19,792.713989,0.256,790.692017,74886400.0
2016-12-18,790.530029,-0.06,791.007996,60524400.0
2016-12-17,790.828979,0.721,785.166016,78989800.0
2016-12-16,784.906982,0.763,778.963013,83608200.0
2016-12-15,778.088013,-0.254,780.070007,81580096.0
2016-12-14,781.481018,0.189,780.005005,75979000.0
2016-12-13,780.55603,-0.012,780.646973,81645600.0
2016-12-12,780.086975,1.305,770.039978,76571000.0
2016-12-11,769.731018,-0.648,774.752014,57313400.0
2016-12-10,774.650024,0.21,773.02301,53843100.0
2016-12-09,772.794006,0.37,769.94397,68705296.0
2016-12-08,770.809998,0.356,768.075989,80111904.0
2016-12-07,768.132019,0.513,764.210999,96426096.0
2016-12-06,764.223999,0.725,758.719971,116218000.0
2016-12-05,758.700012,-1.9,773.393982,106363000.0
2016-12-04,773.872009,0.29,771.638,60557900.0
2016-12-03,771.155029,-0.911,778.247986,69547296.0
2016-12-02,777.94397,2.693,757.544983,127605000.0
2016-12-01,756.773987,1.438,746.046021,80461904.0
2016-11-30,745.690979,1.278,736.283997,84070800.0
2016-11-29,735.604004,-0.098,736.328979,68511104.0
2016-11-28,735.812988,0.454,732.484009,61888600.0
2016-11-27,732.034973,-0.463,735.437012,52601800.0
2016-11-26,735.382019,-0.827,741.510986,54962700.0
2016-11-25,741.648987,0.163,740.442017,67807600.0
2016-11-24,740.289001,-0.582,744.619995,85919296.0
2016-11-23,744.593994,-0.951,751.741028,76543800.0
2016-11-22,751.346985,1.582,739.643005,129906000.0
2016-11-21,739.247986,1.092,731.265015,60802400.0
2016-11-20,731.026001,-2.773,751.879028,154116000.0
2016-11-19,751.616028,-0.029,751.833008,110608000.0
2016-11-18,751.585022,1.469,740.705017,87363104.0
2016-11-17,740.97699,-0.523,744.875977,108579000.0
2016-11-16,744.197998,4.645,711.166992,141294000.0
2016-11-15,711.619019,0.825,705.794006,72038496.0
2016-11-14,705.020996,0.431,701.997009,62993000.0
2016-11-13,702.031006,-0.449,705.195984,80318096.0
2016-11-12,705.054016,-1.632,716.752014,64622500.0
2016-11-11,716.411011,0.12,715.554993,63119700.0
2016-11-10,715.533997,-1.011,722.843994,68807800.0
2016-11-09,723.27301,1.895,709.825012,132429000.0
2016-11-08,709.848022,0.961,703.088989,79660800.0
2016-11-07,703.130981,-1.07,710.736023,65047100.0
2016-11-06,711.521973,1.095,703.812012,59902200.0
2016-11-05,703.41803,-0.015,703.525024,53752300.0
2016-11-04,703.234985,2.048,689.124023,99907696.0
2016-11-03,688.700012,-7.227,742.346008,172808000.0
2016-11-02,740.828979,1.474,730.065979,84865200.0
2016-11-01,729.79303,4.057,701.336975,130527000.0
2016-10-31,700.971985,-0.237,702.640015,97064400.0
2016-10-30,701.864014,-1.716,714.117981,100665000.0
2016-10-29,714.479004,3.504,690.289001,134760992.0
2016-10-28,689.651001,0.24,688.0,81145504.0
2016-10-27,688.312988,1.489,678.213989,96105296.0
2016-10-26,678.304016,3.136,657.677979,88877104.0
2016-10-25,657.588013,0.548,654.002014,90378800.0
2016-10-24,653.760986,-0.517,657.161011,62218200.0
2016-10-23,657.070984,-0.084,657.620972,54474600.0
2016-10-22,657.294006,3.816,633.135986,78556496.0
2016-10-21,632.828003,0.318,630.825012,55951000.0
2016-10-20,630.856995,0.031,630.663025,56957300.0
2016-10-19,630.52002,-1.193,638.133972,69381696.0
2016-10-18,637.960022,-0.227,639.411011,65546700.0
2016-10-17,639.192993,-0.409,641.817993,58063600.0
2016-10-16,641.630981,0.399,639.083008,40298100.0
2016-10-15,638.645996,-0.26,640.310974,39035400.0
2016-10-14,640.377991,0.529,637.007996,58144600.0
2016-10-13,636.786011,0.119,636.030029,61620700.0
2016-10-12,636.192017,-0.73,640.870972,92370200.0
2016-10-11,641.072021,3.526,619.237976,103590000.0
2016-10-10,618.994019,0.352,616.822021,67481104.0
2016-10-09,616.752014,-0.391,619.171997,39243400.0
2016-10-08,619.107971,0.286,617.341003,42345900.0
2016-10-07,617.120972,0.737,612.607971,64071400.0
2016-10-06,613.020996,0.09,612.469971,56812100.0
2016-10-05,612.510986,0.376,610.218018,68077504.0
2016-10-04,610.203979,-0.302,612.052002,49801600.0
2016-10-03,612.132996,0.191,610.968018,46798300.0
2016-10-02,610.892029,-0.498,613.947998,39249800.0
2016-10-01,613.982971,0.665,609.929016,56357000.0
2016-09-30,609.734985,0.664,605.715027,56122400.0
2016-09-29,605.692993,0.111,605.018982,55658600.0
2016-09-28,604.728027,-0.25,606.242981,48722600.0
2016-09-27,606.166016,-0.305,608.021973,49422400.0
2016-09-26,608.04303,1.204,600.807007,59153800.0
2016-09-25,600.825989,-0.319,602.749023,33977800.0
2016-09-24,602.625,-0.056,602.960999,35359500.0
2016-09-23,602.84198,1.114,596.198975,51067000.0
2016-09-22,596.297974,-0.164,597.278992,67085300.0
2016-09-21,597.148987,-1.067,603.588013,82776200.0
2016-09-20,608.312012,-0.155,609.254028,72710896.0
2016-09-19,609.22699,-0.106,609.870972,54796400.0
2016-09-18,609.874023,0.592,606.28302,48679400.0
2016-09-17,605.984009,-0.203,607.218018,37140300.0
2016-09-16,606.973022,-0.045,607.245972,64963400.0
2016-09-15,607.155029,-0.562,610.588013,59464600.0
2016-09-14,610.684021,0.303,608.841003,47877700.0
2016-09-13,609.241028,0.2,608.025024,86920600.0
2016-09-12,608.242981,0.204,607.005005,72812304.0
2016-09-11,606.718994,-2.68,623.424011,73610800.0
2016-09-10,623.508972,0.093,622.927002,45016800.0
2016-09-09,622.861023,-0.557,626.35199,64550200.0
2016-09-08,626.315979,1.9,614.63501,86713000.0
2016-09-07,614.544006,0.65,610.572998,75032400.0
2016-09-06,610.435974,0.648,606.505981,78529104.0
2016-09-05,606.590027,-0.394,608.98999,82446800.0
2016-09-04,608.633972,1.678,598.590027,97942896.0
2016-09-03,598.211975,3.937,575.554993,159014000.0
2016-09-02,575.536987,0.546,572.409973,79910800.0
2016-09-01,572.302979,-0.563,575.546021,76923400.0
2016-08-31,575.471985,-0.367,577.591003,75840896.0
2016-08-30,577.502991,0.59,574.114014,70342400.0
2016-08-29,574.106995,0.006,574.070984,110398000.0
2016-08-28,573.911987,0.716,569.830017,86301600.0
2016-08-27,569.947021,-1.64,579.452026,59698300.0
2016-08-26,579.651001,0.329,577.752991,48856800.0
2016-08-25,577.760986,-0.417,580.179993,136130000.0
2016-08-24,580.182007,-0.554,583.411987,56328200.0
2016-08-23,583.414978,-0.572,586.770996,85349200.0
2016-08-22,586.752991,0.936,581.310974,72844000.0
2016-08-21,581.307983,-0.108,581.939026,38299400.0
2016-08-20,581.697021,0.974,576.083984,45301400.0
2016-08-19,575.630005,0.225,574.338989,50631600.0
2016-08-18,574.317993,0.107,573.70697,59896600.0
2016-08-17,573.216003,-0.787,577.760986,54443000.0
2016-08-16,577.439026,1.797,567.242981,58405200.0
2016-08-15,567.23999,-0.57,570.494019,57262300.0
2016-08-14,570.473022,-2.581,585.588989,60851100.0
2016-08-13,585.588013,-0.301,587.356995,43563000.0
2016-08-12,587.559021,-0.21,588.797974,69218000.0
2016-08-11,589.119995,-0.507,592.124023,74514400.0
2016-08-10,592.103027,0.758,587.64801,102905000.0
2016-08-09,587.801025,-0.548,591.038025,92228096.0
2016-08-08,591.054016,-0.284,592.736023,61194100.0
2016-08-07,592.690002,0.837,587.770996,82398400.0
2016-08-06,587.778015,2.217,575.030029,80797296.0
2016-08-05,575.04303,-0.56,578.281006,66127900.0
2016-08-04,578.289001,2.112,566.328979,125292000.0
2016-08-03,566.35498,3.226,548.656006,207982000.0
2016-08-02,547.465027,-9.718,606.396973,330932992.0
2016-08-01,606.271973,-2.935,624.60199,121887000.0
2016-07-31,624.68103,-4.643,655.099976,110818000.0
2016-07-30,655.046997,-0.299,657.012024,38456100.0
2016-07-29,656.992004,0.287,655.111023,60703500.0
2016-07-28,655.034973,0.083,654.492004,86428400.0
2016-07-27,654.35199,0.418,651.627014,147460992.0
2016-07-26,651.783997,-0.373,654.226013,225135008.0
2016-07-25,654.096985,-1.084,661.263,78176496.0
2016-07-24,661.284973,0.896,655.409973,118184000.0
2016-07-23,655.55603,0.742,650.726013,69532200.0
2016-07-22,650.619019,-2.151,664.921997,134169000.0
2016-07-21,665.012024,-0.032,665.228027,60491800.0
2016-07-20,665.684998,-1.058,672.80603,94636400.0
2016-07-19,672.864014,0.019,672.737976,61203300.0
2016-07-18,673.106018,-0.986,679.809021,69465000.0
2016-07-17,679.458984,2.638,661.992981,74407904.0
2016-07-16,660.767029,-0.454,663.781006,50330200.0
2016-07-15,663.255005,0.62,659.171021,81673104.0
2016-07-14,658.078003,0.79,652.922974,98511400.0
2016-07-13,654.468018,-1.554,664.796997,131449000.0
2016-07-12,664.551025,2.509,648.28302,138172992.0
2016-07-11,647.658997,-0.127,648.484009,107910000.0
2016-07-10,649.359985,-0.19,650.598999,102532000.0
2016-07-09,650.960022,-2.315,666.383972,180536000.0
2016-07-08,666.52301,4.032,640.687988,141970000.0
2016-07-07,640.562012,-5.534,678.090027,258091008.0
2016-07-06,677.330994,1.031,670.41803,134960992.0
2016-07-05,670.627014,-1.842,683.208984,130476000.0
2016-07-04,683.661987,3.773,658.804016,92008400.0
2016-07-03,658.664001,-6.568,704.968018,129512000.0
2016-07-02,703.702026,3.985,676.734009,112354000.0
2016-07-01,676.296021,0.562,672.515015,134431008.0
2016-06-30,673.336975,5.112,640.591003,138980000.0
2016-06-29,639.890015,-0.657,644.122009,142456000.0
2016-06-28,647.000977,-1.687,658.10199,138384992.0
2016-06-27,655.275024,4.119,629.348999,122134000.0
2016-06-26,629.367004,-5.491,665.93103,109225000.0
2016-06-25,665.122986,-0.024,665.281006,126656000.0
2016-06-24,665.299011,6.35,625.575012,224316992.0
2016-06-23,623.97699,4.441,597.442993,253462000.0
2016-06-22,596.116028,-10.482,665.914978,266392992.0
2016-06-21,666.651978,-9.408,735.882996,309944000.0
2016-06-20,737.226013,-3.495,763.927002,174511008.0
2016-06-19,763.781006,0.937,756.687988,136184992.0
2016-06-18,756.22699,0.998,748.755981,252718000.0
2016-06-17,748.908997,-2.548,768.487,363320992.0
2016-06-16,766.307983,10.019,696.52301,271633984.0
2016-06-15,694.468994,1.281,685.684998,99223800.0
2016-06-14,685.559021,-2.689,704.504028,186694000.0
2016-06-13,704.375977,4.872,671.653992,243295008.0
2016-06-12,672.783997,10.35,609.684021,277084992.0
2016-06-11,606.72699,4.848,578.674011,82357000.0
2016-06-10,577.469971,0.284,575.836975,66991900.0
2016-06-09,574.630005,-1.301,582.203003,71301000.0
2016-06-08,581.64502,0.776,577.166992,80265800.0
2016-06-07,576.596985,-1.511,585.445007,107770000.0
2016-06-06,585.536987,1.903,574.60199,72138896.0
2016-06-05,574.97699,0.291,573.307983,68874096.0
2016-06-04,572.72699,0.53,569.705017,94925296.0
2016-06-03,569.19397,5.861,537.682007,122020000.0
2016-06-02,537.971985,0.272,536.515015,60378200.0
2016-06-01,536.919983,1.095,531.106995,86061800.0
2016-05-31,531.385986,-0.525,534.190979,138450000.0
2016-05-30,533.864014,1.02,528.471008,87958704.0
2016-05-29,526.232971,-0.236,527.47699,148736992.0
2016-05-28,530.039978,12.052,473.028992,181199008.0
2016-05-27,473.463989,4.397,453.520996,164780992.0
2016-05-26,453.384003,0.825,449.671997,65203800.0
2016-05-25,449.598999,0.793,446.062012,65231000.0
2016-05-24,445.980988,0.38,444.290985,65783100.0
2016-05-23,444.154999,1.094,439.347992,50582500.0
2016-05-22,439.322998,-0.879,443.217987,39657600.0
2016-05-21,443.187988,0.05,442.966003,42762300.0
2016-05-20,442.675995,1.115,437.792999,81987904.0
2016-05-19,438.714996,-3.478,454.523987,96027400.0
2016-05-18,454.618988,0.205,453.69101,86850096.0
2016-05-17,453.78299,-0.05,454.009003,64100300.0
2016-05-16,454.162994,-0.748,457.585999,59171500.0
2016-05-15,457.567993,0.397,455.759003,28514000.0
2016-05-14,455.67099,-0.033,455.822998,37209000.0
2016-05-13,455.670013,0.18,454.850006,60845000.0
2016-05-12,454.765991,0.513,452.446991,59849300.0
2016-05-11,452.727997,0.413,450.864014,50605200.0
2016-05-10,450.894989,-2.09,460.518005,58956100.0
2016-05-09,460.483002,0.497,458.205994,55493100.0
2016-05-08,458.548004,0.026,458.428986,40315000.0
2016-05-07,458.536011,-0.24,459.639008,38364500.0
2016-05-06,459.602997,2.603,447.941986,72796800.0
2016-05-05,447.976013,0.283,446.710999,50440800.0
2016-05-04,446.721985,-0.769,450.183014,50407300.0
2016-05-03,450.303986,1.254,444.72699,59366400.0
2016-05-02,444.669006,-1.607,451.933014,92127000.0
2016-05-01,451.875,0.756,448.484009,40660100.0
2016-04-30,448.317993,-1.507,455.178009,69322600.0
2016-04-29,455.096985,1.266,449.40799,49258500.0
2016-04-28,449.010986,0.893,445.037994,74064704.0
2016-04-27,444.687012,-4.627,466.261993,93564896.0
2016-04-26,466.088989,0.962,461.64801,78971904.0
2016-04-25,461.425995,0.502,459.121002,87091800.0
2016-04-24,458.554993,1.774,450.559998,68198400.0
2016-04-23,450.282013,0.992,445.860992,50485400.0
2016-04-22,445.737,-0.879,449.687988,58804400.0
2016-04-21,449.424988,1.814,441.415985,68204704.0
2016-04-20,441.389008,1.393,435.324005,72890096.0
2016-04-19,435.509003,1.588,428.703003,52810500.0
2016-04-18,428.591003,0.229,427.610992,55670900.0
2016-04-17,427.398987,-0.752,430.635986,52125900.0
2016-04-16,430.571991,0.232,429.575012,39392800.0
2016-04-15,429.713013,1.245,424.427002,54801500.0
2016-04-14,424.282013,0.082,423.934998,45281000.0
2016-04-13,423.734009,-0.446,425.631989,69060400.0
2016-04-12,425.190002,0.555,422.842987,70728800.0
2016-04-11,422.483002,0.145,421.872009,50747500.0
2016-04-10,421.563995,0.47,419.59201,73478600.0
2016-04-09,419.411011,-0.333,420.811005,49792700.0
2016-04-08,420.348999,-0.605,422.907013,63454700.0
2016-04-07,422.744995,-0.207,423.619995,57858600.0
2016-04-06,423.412994,-0.205,424.283997,59091000.0
2016-04-05,424.029999,0.716,421.016998,60718000.0
2016-04-04,421.444,0.034,421.299011,50634300.0
2016-04-03,420.903992,-0.064,421.173004,38053700.0
2016-04-02,420.872986,0.586,418.421997,45681200.0
2016-04-01,417.959991,0.288,416.76001,51235700.0
2016-03-31,416.729004,0.354,415.256989,60215200.0
2016-03-30,414.81601,-0.484,416.834015,66034100.0
2016-03-29,416.515991,-1.835,424.303986,75411504.0
2016-03-28,424.230988,-0.543,426.548004,68522800.0
2016-03-27,426.765015,2.063,418.140015,71229400.0
2016-03-26,417.945007,0.139,417.36499,44650400.0
2016-03-25,417.177002,0.161,416.507996,52560000.0
2016-03-24,416.394012,-0.485,418.424011,68346704.0
2016-03-23,418.040985,-0.029,418.161011,61444200.0
2016-03-22,418.088989,1.2,413.131989,66813300.0
2016-03-21,413.307007,-0.027,413.417999,61655400.0
2016-03-20,413.755005,0.817,410.401001,45947900.0
2016-03-19,410.444,0.288,409.265015,58423000.0
2016-03-18,409.548004,-2.615,420.546997,104940000.0
2016-03-17,420.621002,0.654,417.889008,83528600.0
2016-03-16,417.010986,0.03,416.888,65185800.0
2016-03-15,416.829987,0.106,416.388,66781700.0
2016-03-14,416.437988,0.54,414.200989,95259400.0
2016-03-13,414.065002,0.587,411.64801,74322800.0
2016-03-12,411.623993,-2.367,421.605011,92712896.0
2016-03-11,421.690002,1.067,417.238007,73969696.0
2016-03-10,417.131012,0.576,414.743988,81022896.0
2016-03-09,414.859985,0.233,413.894012,70012304.0
2016-03-08,413.971985,-0.119,414.464996,70311696.0
2016-03-07,414.321014,1.61,407.756989,85762400.0
2016-03-06,407.707001,1.793,400.524994,91212496.0
2016-03-05,400.570007,-2.486,410.781006,135384992.0
2016-03-04,410.938995,-2.583,421.835999,90856096.0
2016-03-03,421.651001,-0.533,423.911987,100484000.0
2016-03-02,423.989014,-2.561,435.131012,74955296.0
2016-03-01,435.122986,-0.638,437.916992,74895800.0
2016-02-29,437.696991,0.983,433.437988,60694700.0
2016-02-28,433.503998,0.216,432.571014,53033400.0
2016-02-27,432.519012,-0.074,432.838989,41893600.0
2016-02-26,432.152008,1.772,424.628998,61486000.0
2016-02-25,424.544006,-0.116,425.036987,70798000.0
2016-02-24,424.954987,0.95,420.955994,67743696.0
2016-02-23,420.735992,-3.997,438.255005,85244896.0
2016-02-22,437.747986,-0.283,438.989014,85385200.0
2016-02-21,438.798004,0.234,437.77301,89820704.0
2016-02-20,437.164001,3.691,421.601013,93992096.0
2016-02-19,420.785004,-0.46,422.730011,55711300.0
2016-02-18,422.372986,1.393,416.571991,76752600.0
2016-02-17,416.321991,2.126,407.656006,83193600.0
2016-02-16,407.488007,1.509,401.432007,73093104.0
2016-02-15,400.184998,-1.811,407.567993,74070496.0
2016-02-14,407.230011,3.639,392.932007,74469800.0
2016-02-13,391.859985,1.877,384.640991,61911700.0
2016-02-12,384.263,1.205,379.686005,67042800.0
2016-02-11,379.653992,-0.644,382.114014,74375600.0
2016-02-10,381.648987,1.463,376.145996,85130896.0
2016-02-09,376.028992,0.698,373.423004,55318500.0
2016-02-08,373.446991,-0.879,376.756989,47671100.0
2016-02-07,376.619995,0.028,376.514008,37076300.0
2016-02-06,376.522003,-2.604,386.588989,49249300.0
2016-02-05,386.549011,-0.604,388.89801,43825000.0
2016-02-04,389.593994,5.246,370.174011,69285504.0
2016-02-03,369.949005,-1.254,374.645996,45933400.0
2016-02-02,374.447998,0.41,372.920013,40378700.0
2016-02-01,373.056,1.003,369.350006,51656700.0
2016-01-31,368.766998,-2.518,378.292999,37894300.0
2016-01-30,378.255005,-0.161,378.86499,30284400.0
2016-01-29,379.473999,-0.167,380.108002,86125296.0
2016-01-28,380.289001,-3.76,395.145996,59247900.0
2016-01-27,394.971985,0.644,392.444,47424400.0
2016-01-26,392.153015,0.039,392.002014,58147000.0
2016-01-25,391.726013,-2.632,402.316986,59062400.0
2016-01-24,402.971008,3.831,388.10199,54824800.0
2016-01-23,387.490997,1.322,382.43399,56247400.0
2016-01-22,382.492004,-6.653,409.751007,91546600.0
2016-01-21,410.261993,-2.233,419.631989,68338000.0
2016-01-20,420.230011,10.663,379.73999,121720000.0
2016-01-19,380.148987,-1.777,387.026001,46819800.0
2016-01-18,387.167999,1.424,381.733002,54403900.0
2016-01-17,382.299011,-1.254,387.152008,45319600.0
2016-01-16,387.536011,6.153,365.072998,120352000.0
2016-01-15,364.330994,-15.322,430.255005,153351008.0
2016-01-14,430.306,-0.458,432.287994,43945500.0
2016-01-13,432.371002,-0.528,434.665009,173888000.0
2016-01-12,435.690002,-2.787,448.182007,115607000.0
2016-01-11,448.428009,-0.06,448.697998,40450000.0
2016-01-10,447.990997,-0.055,448.238007,35995900.0
2016-01-09,447.610992,-1.273,453.382996,32278000.0
2016-01-08,453.230011,-0.942,457.537994,56993000.0
2016-01-07,458.048004,6.52,430.010986,87562200.0
2016-01-06,429.105011,-0.637,431.855988,34042500.0
2016-01-05,431.959991,-0.256,433.069,34522600.0
2016-01-04,433.091003,0.705,430.061005,38477500.0
2016-01-03,430.010986,-0.823,433.578003,39633800.0
2016-01-02,433.437988,-0.272,434.622009,30096600.0
2016-01-01,434.334015,0.839,430.721008,36278900.0
2015-12-31,430.566986,1.102,425.875,45996600.0
2015-12-30,426.619995,-1.542,433.299988,46889400.0
2015-12-29,432.983002,2.579,422.097992,51596500.0
2015-12-28,422.278992,-0.251,423.342987,49638600.0
2015-12-27,422.822998,1.515,416.514008,53591200.0
2015-12-26,417.273987,-8.444,455.756012,116166000.0
2015-12-25,455.653015,0.175,454.855011,39078500.0
2015-12-24,454.984985,2.684,443.091003,57157200.0
2015-12-23,442.401001,1.301,436.720001,47161400.0
2015-12-22,436.571991,-0.198,437.436005,50840400.0
2015-12-21,438.639008,-0.948,442.838013,77639696.0
2015-12-20,442.684998,-4.229,462.234009,75409400.0
2015-12-19,462.321991,-0.265,463.552002,47892700.0
